순위,선수ID,선수명,팀명,AVG,G,PA,AB,R,H,2B,3B,HR,TB,RBI,SAC,SF,BB,IBB,HBP,SO,GDP,SLG,OBP,OPS,MH,RISP,PH-BA
1,67893,박성한,SSG,0.451,24,111,91,18,41,10,1,1,56,20,0,1,18,0,1,9,1,0.615,0.541,1.156,13,0.565,0.000
2,62234,류지혁,삼성,0.396,24,106,91,19,36,7,2,3,56,15,0,0,15,1,0,16,2,0.615,0.481,1.096,11,0.381,0.000
3,55252,박준순,두산,0.389,23,96,90,9,35,5,2,3,53,16,0,0,3,0,3,21,1,0.589,0.427,1.016,12,0.444,0.000
4,68119,문성주,LG,0.375,24,95,80,6,30,6,0,0,36,12,2,2,9,2,2,11,0,0.450,0.441,0.891,8,0.429,1.000
5,54730,페라자,한화,0.370,24,112,92,25,34,8,0,4,54,17,0,2,18,1,0,15,2,0.587,0.464,1.051,8,0.375,0.000
6,53764,문현빈,한화,0.361,22,102,83,19,30,7,2,5,56,22,0,0,17,0,2,12,4,0.675,0.480,1.155,7,0.381,0.000
7,53123,오스틴,LG,0.357,24,112,98,22,35,5,1,6,60,20,0,1,13,1,0,11,1,0.612,0.429,1.041,9,0.345,0.000
7,50054,천성호,LG,0.357,23,80,70,14,25,5,0,1,33,9,1,0,8,0,1,10,3,0.471,0.430,0.901,8,0.267,0.500
9,54529,레이예스,롯데,0.344,24,107,96,10,33,3,0,5,51,14,0,1,9,2,1,16,2,0.531,0.402,0.933,10,0.412,0.000
10,62907,박민우,NC,0.333,23,99,84,17,28,7,0,1,38,16,0,1,12,0,2,12,2,0.452,0.424,0.876,9,0.440,0.000
11,63260,이우성,NC,0.313,21,75,67,9,21,6,0,3,36,3,0,0,8,0,0,13,1,0.537,0.387,0.924,6,0.083,0.000
12,76290,김현수,KT,0.311,25,116,106,17,33,9,0,3,51,20,0,0,10,0,0,15,4,0.481,0.371,0.852,12,0.323,0.000
13,78603,김선빈,KIA,0.309,24,101,81,12,25,5,0,1,33,14,0,1,18,1,1,7,1,0.407,0.436,0.843,7,0.348,1.000
14,66606,최원준,KT,0.304,24,118,102,19,31,8,1,1,44,12,1,1,13,0,1,19,0,0.431,0.385,0.816,9,0.261,0.000
15,79215,박건우,NC,0.301,24,93,83,10,25,5,0,5,45,14,0,0,10,1,0,20,2,0.542,0.376,0.918,9,0.280,0.000
16,54400,디아즈,삼성,0.301,24,107,93,16,28,4,0,4,44,17,0,1,13,0,0,15,3,0.473,0.383,0.856,6,0.259,0.000
17,64646,박찬호,두산,0.298,25,113,94,23,28,6,0,2,40,8,3,0,16,1,0,18,4,0.426,0.400,0.826,7,0.250,1.000
18,68050,강백호,한화,0.297,24,109,101,13,30,6,0,4,48,30,0,1,7,0,0,20,0,0.475,0.339,0.814,10,0.469,0.000
19,56632,데일,KIA,0.295,24,103,88,16,26,4,0,1,33,6,4,1,10,1,0,10,4,0.375,0.364,0.739,5,0.200,1.000
20,69102,문보경,LG,0.291,23,102,79,9,23,3,0,2,32,14,0,2,20,1,1,18,3,0.405,0.431,0.836,5,0.400,0.000
21,72443,최형우,삼성,0.291,24,111,86,13,25,4,0,4,41,17,0,1,22,0,2,10,5,0.477,0.441,0.918,4,0.200,0.000
22,65653,김호령,KIA,0.290,25,114,100,15,29,8,0,1,40,10,3,0,8,0,3,22,1,0.400,0.360,0.760,12,0.250,0.000
23,75847,최정,SSG,0.282,24,104,85,16,24,7,1,6,51,13,0,1,15,1,3,22,0,0.600,0.404,1.004,5,0.200,0.000
24,79608,안치홍,키움,0.281,24,104,89,9,25,7,0,1,35,6,0,0,15,0,0,18,3,0.393,0.385,0.778,6,0.222,1.000
25,62931,노진혁,롯데,0.280,24,94,82,6,23,8,0,4,43,12,0,1,11,0,0,21,1,0.524,0.362,0.886,7,0.269,0.500
26,51907,김주원,NC,0.274,24,110,95,12,26,4,0,3,39,5,0,0,10,0,5,15,0,0.411,0.373,0.784,7,0.125,0.000
27,62947,나성범,KIA,0.272,23,97,81,12,22,4,0,3,35,15,0,1,14,0,1,27,0,0.432,0.381,0.813,5,0.412,0.000
28,50167,이주형,키움,0.268,20,90,82,12,22,8,1,2,38,12,0,0,5,0,3,17,0,0.463,0.333,0.796,5,0.250,0.000
29,68646,한준수,KIA,0.267,24,79,60,9,16,4,0,2,26,8,3,1,15,2,0,9,5,0.433,0.408,0.841,5,0.385,0.000
30,56251,카메론,두산,0.265,25,102,98,12,26,9,1,5,52,10,0,1,2,0,1,27,4,0.531,0.284,0.815,7,0.045,1.000
31,56006,이강민,KT,0.259,24,86,81,8,21,1,0,0,22,11,1,1,2,0,1,17,2,0.272,0.282,0.554,5,0.348,0.000
32,50458,김지찬,삼성,0.258,24,110,89,19,23,3,2,0,30,6,0,1,18,1,2,8,1,0.337,0.391,0.728,6,0.375,0.000
33,79109,오지환,LG,0.257,23,89,74,9,19,3,0,1,25,14,1,2,10,0,2,12,0,0.338,0.352,0.690,5,0.381,0.000
34,68525,한동희,롯데,0.256,20,83,78,5,20,4,0,0,24,4,0,0,4,0,1,15,4,0.308,0.301,0.609,6,0.190,0.000
35,68912,김형준,NC,0.254,23,78,67,5,17,2,0,1,22,11,0,0,10,0,1,25,2,0.328,0.359,0.687,3,0.238,0.000
36,79402,김상수,KT,0.254,23,90,71,6,18,3,0,0,21,6,2,1,15,0,1,9,3,0.296,0.386,0.682,3,0.250,0.000
36,53312,김건희,키움,0.254,24,84,71,7,18,4,0,1,25,10,0,3,10,1,0,25,3,0.352,0.333,0.685,4,0.263,0.000
38,62415,박해민,LG,0.253,24,97,83,7,21,5,0,0,26,6,2,1,8,0,3,11,0,0.313,0.337,0.650,5,0.200,0.000
38,78548,장성우,KT,0.253,25,103,83,19,21,5,0,7,47,24,0,1,19,3,0,22,5,0.566,0.388,0.954,7,0.310,0.500
40,53827,에레디아,SSG,0.250,24,104,100,10,25,3,0,5,43,18,0,1,3,0,0,22,2,0.430,0.269,0.699,7,0.314,0.000
40,52568,한태양,롯데,0.250,23,81,72,9,18,3,0,0,21,1,1,0,7,0,1,19,0,0.292,0.325,0.617,3,0.111,0.000
40,56626,카스트로,KIA,0.250,23,93,88,15,22,9,0,2,37,16,0,1,4,0,0,22,4,0.420,0.280,0.700,6,0.231,0.000
43,64153,양석환,두산,0.247,22,84,73,5,18,3,0,1,24,5,0,3,8,1,0,23,0,0.329,0.310,0.639,4,0.000,0.000
44,52605,김도영,KIA,0.245,25,111,94,19,23,5,0,8,52,24,0,1,14,2,2,19,4,0.553,0.351,0.904,4,0.370,0.000
45,56322,브룩스,키움,0.242,24,108,91,9,22,6,0,0,28,12,0,2,14,0,1,17,1,0.308,0.343,0.651,5,0.400,0.000
46,79231,정수빈,두산,0.238,25,98,84,8,20,0,0,2,26,10,2,0,10,0,2,16,0,0.310,0.333,0.643,5,0.333,0.000
47,78513,전준우,롯데,0.236,24,97,89,7,21,2,0,2,29,6,0,1,7,0,0,12,2,0.326,0.289,0.615,5,0.174,0.000
48,79192,채은성,한화,0.233,23,98,86,9,20,1,0,2,27,10,0,2,8,0,2,17,2,0.314,0.306,0.620,7,0.235,0.000
49,56034,힐리어드,KT,0.224,25,113,98,18,22,3,1,5,42,18,0,3,12,0,0,31,1,0.429,0.301,0.730,7,0.233,0.000
50,79365,박동원,LG,0.221,23,83,68,11,15,4,0,1,22,11,0,2,12,0,1,22,2,0.324,0.337,0.661,2,0.148,0.000
51,76267,최주환,키움,0.219,22,79,73,4,16,3,0,1,22,9,0,1,5,0,0,14,5,0.301,0.266,0.567,4,0.227,0.333
52,54944,데이비슨,NC,0.217,23,93,83,9,18,3,0,3,30,12,0,1,5,0,4,21,2,0.361,0.290,0.651,3,0.318,0.000
53,74540,강민호,삼성,0.215,23,75,65,4,14,3,0,0,17,8,0,0,9,0,1,22,1,0.262,0.320,0.582,3,0.280,0.000
54,76232,양의지,두산,0.212,25,107,85,8,18,4,0,2,28,11,0,4,12,0,6,8,3,0.329,0.336,0.665,2,0.158,0.000
55,50854,최지훈,SSG,0.209,24,97,86,16,18,5,0,4,35,15,1,1,7,0,2,15,2,0.407,0.281,0.688,4,0.261,0.000
56,66108,홍창기,LG,0.172,20,87,64,10,11,3,0,0,14,4,0,0,20,0,3,20,1,0.219,0.391,0.610,2,0.188,0.000
57,69737,노시환,한화,0.171,17,79,70,9,12,2,0,1,17,4,1,0,6,0,2,26,2,0.243,0.256,0.499,4,0.083,0.000
58,65207,신민재,LG,0.171,24,88,76,6,13,0,0,0,13,5,2,0,10,0,0,16,2,0.171,0.267,0.438,2,0.304,0.000
59,78224,김재환,SSG,0.110,24,101,82,7,9,1,0,2,16,10,0,1,18,0,0,25,2,0.195,0.267,0.462,2,0.179,0.000
1,79240,허경민,KT,0.522,7,26,23,7,12,2,0,1,17,4,1,0,1,0,1,2,0,0.739,0.560,1.299,3,0.400,0.000
2,67644,이정훈,KT,0.400,12,20,15,2,6,0,0,0,6,2,0,0,4,0,1,1,0,0.400,0.550,0.950,1,0.400,0.333
3,52001,안현민,KT,0.365,14,67,52,14,19,4,1,3,34,11,0,0,12,0,3,16,1,0.654,0.507,1.161,6,0.400,0.000
6,64166,배정대,KT,0.303,15,36,33,5,10,3,0,0,13,4,1,0,2,0,0,10,0,0.394,0.343,0.737,3,0.273,0.333
7,64504,오윤석,KT,0.295,21,69,61,10,18,4,0,0,22,11,1,1,6,1,0,12,2,0.361,0.353,0.714,3,0.438,1.000
8,64115,장준원,KT,0.286,9,26,21,1,6,1,0,1,10,4,2,0,3,0,0,4,1,0.476,0.375,0.851,1,0.167,0.000
9,53036,류현인,KT,0.282,15,41,39,7,11,2,0,0,13,4,0,0,1,0,1,5,0,0.333,0.317,0.650,4,0.200,0.000
10,64004,김민혁,KT,0.280,6,28,25,2,7,0,0,1,10,4,1,0,2,0,0,2,1,0.400,0.333,0.733,2,0.286,0.000
11,51003,권동진,KT,0.273,14,13,11,6,3,0,1,0,5,3,0,0,2,0,0,3,0,0.455,0.385,0.840,0,0.333,0.000
16,63722,한승택,KT,0.186,18,52,43,6,8,1,0,0,9,5,1,0,6,0,2,14,1,0.209,0.314,0.523,1,0.250,0.000
17,50066,강현우,KT,0.167,4,7,6,0,1,0,0,0,1,0,0,0,1,0,0,3,0,0.167,0.286,0.453,0,0.000,0.000
18,54097,김민석,KT,0.000,1,2,1,0,0,0,0,0,0,0,0,0,1,0,0,0,0,0.000,0.500,0.500,0,0.000,0.000
18,51013,유준규,KT,0.000,7,3,3,2,0,0,0,0,0,0,0,0,0,0,0,0,0,0.000,0.000,0.000,0,0.000,0.000
18,66706,장진혁,KT,0.000,5,3,3,1,0,0,0,0,0,0,0,0,0,0,0,2,0,0.000,0.000,0.000,0,0.000,0.000
1,68110,송찬의,LG,0.471,7,19,17,4,8,1,0,2,15,6,0,0,1,0,1,2,1,0.882,0.526,1.408,2,0.500,1.000
5,51100,이영빈,LG,0.300,10,11,10,2,3,0,0,0,3,1,0,0,1,0,0,4,0,0.300,0.364,0.664,0,0.000,0.000
9,69100,구본혁,LG,0.235,23,41,34,3,8,0,0,0,8,3,5,0,2,0,0,5,0,0.235,0.278,0.513,1,0.273,0.667
13,52103,최원영,LG,0.167,18,13,12,6,2,1,0,0,3,1,1,0,0,0,0,2,1,0.250,0.167,0.417,0,0.200,0.000
14,52154,이주헌,LG,0.118,13,17,17,1,2,0,0,0,2,0,0,0,0,0,0,6,0,0.118,0.118,0.236,0,0.143,0.000
15,68106,이재원,LG,0.063,12,19,16,0,1,0,0,0,1,1,0,0,2,0,1,11,0,0.063,0.211,0.274,0,0.000,0.000
1,55897,홍대인,SSG,0.750,10,6,4,2,3,1,0,0,4,2,0,0,2,0,0,0,0,1.000,0.833,1.833,0,0.000,0.000
2,52804,석정우,SSG,0.500,3,3,2,0,1,0,0,0,1,1,0,0,1,0,0,1,0,0.500,0.667,1.167,0,0.500,0.000
2,69804,채현우,SSG,0.500,16,5,4,4,2,0,0,0,2,1,0,1,0,0,0,1,0,0.500,0.400,0.900,0,0.500,1.000
2,68868,최준우,SSG,0.500,4,3,2,0,1,0,0,0,1,0,0,0,1,0,0,0,0,0.500,0.667,1.167,0,0.000,0.000
6,51868,고명준,SSG,0.365,17,68,63,9,23,5,0,4,40,12,0,0,5,0,0,14,0,0.635,0.412,1.047,7,0.294,0.000
7,62864,김민식,SSG,0.333,5,6,6,0,2,0,0,0,2,0,0,0,0,0,0,0,0,0.333,0.333,0.666,0,0.000,0.667
9,66864,안상현,SSG,0.281,15,39,32,9,9,2,0,1,14,4,2,0,5,0,0,7,2,0.438,0.378,0.816,1,0.300,0.600
10,51865,조형우,SSG,0.277,15,53,47,5,13,4,0,0,17,5,1,0,3,0,2,7,0,0.362,0.346,0.708,3,0.333,0.000
11,62934,김성욱,SSG,0.265,24,42,34,8,9,1,0,1,13,4,0,0,7,0,1,13,0,0.382,0.405,0.787,2,0.200,0.000
12,54812,정준재,SSG,0.264,22,62,53,8,14,1,0,1,18,3,3,0,6,0,0,11,1,0.340,0.339,0.679,5,0.333,0.000
14,60558,오태곤,SSG,0.238,20,45,42,7,10,2,0,1,15,9,0,0,1,0,2,17,1,0.357,0.289,0.646,1,0.429,0.222
16,62895,한유섬,SSG,0.176,22,66,51,6,9,1,0,0,10,2,0,1,12,1,2,15,3,0.196,0.348,0.544,1,0.077,0.000
17,79456,이지영,SSG,0.129,18,35,31,4,4,2,0,0,6,1,0,0,4,0,0,3,0,0.194,0.229,0.423,0,0.125,0.333
19,53893,김민준,SSG,0.000,2,2,2,0,0,0,0,0,0,0,0,0,0,0,0,1,0,0.000,0.000,0.000,0,0.000,0.000
19,52807,임근우,SSG,0.000,1,1,1,0,0,0,0,0,0,0,0,0,0,0,0,0,0,0.000,0.000,0.000,0,0.000,0.000
2,67449,김성윤,삼성,0.385,7,28,26,6,10,3,1,0,15,6,1,0,0,0,1,1,0,0.577,0.407,0.984,4,0.286,0.000
3,61404,김헌곤,삼성,0.355,19,32,31,0,11,0,1,0,13,2,0,0,1,0,0,6,0,0.419,0.375,0.794,3,0.333,0.333
4,65586,전병우,삼성,0.339,18,66,56,9,19,5,0,1,27,11,0,0,6,0,4,13,2,0.482,0.439,0.921,5,0.350,0.500
5,69442,김도환,삼성,0.333,3,6,6,1,2,0,0,1,5,1,0,0,0,0,0,2,1,0.833,0.333,1.166,0,0.000,1.000
6,69418,박승규,삼성,0.309,13,65,55,10,17,3,2,3,33,9,0,0,8,0,2,9,1,0.600,0.415,1.015,4,0.250,0.000
8,62404,구자욱,삼성,0.292,13,54,48,7,14,1,1,2,23,9,0,1,5,0,0,10,0,0.479,0.352,0.831,4,0.308,0.000
11,55438,심재훈,삼성,0.250,5,4,4,1,1,0,0,0,1,0,0,0,0,0,0,1,0,0.250,0.250,0.500,0,0.000,0.000
11,66409,이성규,삼성,0.250,4,8,4,2,1,0,0,0,1,0,1,0,3,0,0,2,0,0.250,0.571,0.821,0,0.000,0.000
14,69403,양우현,삼성,0.211,11,21,19,2,4,1,0,0,5,0,0,0,2,0,0,6,0,0.263,0.286,0.549,1,0.000,0.250
15,65040,김태훈,삼성,0.200,2,6,5,0,1,1,0,0,2,0,0,0,1,0,0,1,1,0.400,0.333,0.733,0,0.000,0.000
16,52430,김영웅,삼성,0.171,10,43,41,2,7,2,0,0,9,3,0,0,2,0,0,14,0,0.220,0.209,0.429,2,0.167,0.000
17,52415,이재현,삼성,0.157,18,64,51,7,8,1,0,0,9,5,1,1,9,0,2,9,0,0.176,0.302,0.478,2,0.200,0.000
18,62244,박세혁,삼성,0.125,14,26,24,1,3,1,0,0,4,0,0,0,2,0,0,6,0,0.167,0.192,0.359,0,0.000,0.000
18,67005,홍현빈,삼성,0.125,9,8,8,1,1,0,0,0,1,1,0,0,0,0,0,3,1,0.125,0.125,0.250,0,0.250,0.000
20,55440,함수호,삼성,0.063,11,18,16,0,1,0,0,0,1,2,0,0,2,0,0,5,0,0.063,0.167,0.230,0,0.167,0.200
21,53400,김재상,삼성,0.000,2,2,1,1,0,0,0,0,0,0,0,0,1,0,0,0,0,0.000,0.500,0.500,0,0.000,0.000
21,52424,김재혁,삼성,0.000,6,4,4,0,0,0,0,0,0,0,0,0,0,0,0,1,0,0.000,0.000,0.000,0,0.000,0.000
21,53404,류승민,삼성,0.000,1,1,1,0,0,0,0,0,0,0,0,0,0,0,0,1,0,0.000,0.000,0.000,0,0.000,0.000
21,68463,윤정빈,삼성,0.000,1,3,3,0,0,0,0,0,0,0,0,0,0,0,0,3,0,0.000,0.000,0.000,0,0.000,0.000
21,69416,이해승,삼성,0.000,17,13,11,0,0,0,0,0,0,1,1,0,1,0,0,6,0,0.000,0.083,0.083,0,0.000,0.000
21,55435,차승준,삼성,0.000,1,1,1,0,0,0,0,0,0,0,0,0,0,0,0,1,0,0.000,0.000,0.000,0,0.000,0.000
1,67609,박정우,KIA,0.375,19,9,8,2,3,0,0,0,3,2,1,0,0,0,0,2,0,0.375,0.375,0.750,0,0.667,0.000
2,61353,고종욱,KIA,0.333,10,13,9,0,3,0,0,0,3,4,0,1,3,0,0,2,0,0.333,0.462,0.795,0,0.400,0.429
4,66354,주효상,KIA,0.300,4,11,10,1,3,0,0,0,3,1,0,0,1,0,0,2,0,0.300,0.364,0.664,0,0.500,0.000
5,50657,박민,KIA,0.296,16,32,27,1,8,1,0,0,9,3,1,0,3,0,1,5,0,0.333,0.387,0.720,2,0.500,0.000
8,55636,박재현,KIA,0.279,22,67,61,9,17,3,0,1,23,8,3,0,3,0,0,12,1,0.377,0.313,0.690,3,0.429,0.000
13,66614,김규성,KIA,0.241,23,35,29,6,7,2,0,0,9,2,3,0,3,0,0,6,1,0.310,0.313,0.623,1,0.333,0.000
14,78122,김태군,KIA,0.214,6,14,14,0,3,1,0,0,4,0,0,0,0,0,0,2,1,0.286,0.214,0.500,0,0.000,0.000
15,52634,박상준,KIA,0.176,7,23,17,2,3,0,0,0,3,0,0,0,6,0,0,6,0,0.176,0.391,0.567,1,0.000,0.000
16,52667,윤도현,KIA,0.167,5,19,18,1,3,0,0,0,3,0,0,0,1,0,0,7,1,0.167,0.211,0.378,0,0.000,0.000
17,69636,오선우,KIA,0.143,7,25,21,2,3,0,0,2,9,3,0,0,4,0,0,9,0,0.429,0.280,0.709,0,0.000,0.000
18,68504,이호연,KIA,0.125,6,19,16,0,2,0,0,0,2,0,0,0,2,0,1,7,2,0.125,0.263,0.388,0,0.000,0.000
19,55926,정현창,KIA,0.063,20,18,16,0,1,0,0,0,1,2,0,1,1,0,0,8,0,0.063,0.111,0.174,0,0.000,0.000
20,64560,이창진,KIA,0.000,1,2,2,0,0,0,0,0,0,0,0,0,0,0,0,1,1,0.000,0.000,0.000,0,0.000,0.000
1,63963,권희동,NC,0.333,2,5,3,2,1,0,0,0,1,1,0,0,2,0,0,1,0,0.333,0.600,0.933,0,1.000,0.000
3,64101,한석현,NC,0.318,18,25,22,2,7,2,0,0,9,3,2,0,1,0,0,4,0,0.409,0.348,0.757,1,0.400,0.500
6,51344,김휘집,NC,0.288,16,61,52,4,15,2,0,0,17,11,0,0,4,0,5,10,1,0.327,0.393,0.720,5,0.400,0.000
7,66965,도태훈,NC,0.286,6,10,7,2,2,0,0,0,2,0,0,0,3,0,0,0,1,0.286,0.500,0.786,0,0.000,0.000
7,68904,오영수,NC,0.286,11,18,14,2,4,0,0,1,7,2,0,0,2,0,2,6,1,0.500,0.444,0.944,1,0.200,0.000
11,69992,최정원,NC,0.232,21,72,56,7,13,0,0,0,13,1,5,0,7,0,4,12,1,0.232,0.358,0.590,3,0.182,0.000
13,56949,고준휘,NC,0.214,7,17,14,2,3,1,0,1,7,4,0,0,1,0,2,3,1,0.500,0.353,0.853,1,0.250,0.000
14,69995,서호철,NC,0.213,23,68,61,9,13,2,0,1,18,7,2,0,5,0,0,16,1,0.295,0.273,0.568,4,0.308,0.500
15,64022,안중열,NC,0.200,7,10,10,2,2,0,0,1,5,2,0,0,0,0,0,3,2,0.500,0.200,0.700,0,0.000,1.000
16,56909,신재인,NC,0.179,19,46,39,2,7,1,0,2,14,5,0,0,7,0,0,7,0,0.359,0.304,0.663,0,0.083,0.400
17,67905,천재환,NC,0.176,21,38,34,9,6,2,0,1,11,3,0,0,4,0,0,5,0,0.324,0.263,0.587,1,0.143,0.000
18,51903,김정호,NC,0.143,7,7,7,0,1,0,0,0,1,0,0,0,0,0,0,3,0,0.143,0.143,0.286,0,0.000,0.000
19,50902,김한별,NC,0.000,5,1,1,0,0,0,0,0,0,1,0,0,0,0,0,0,0,0.000,0.000,0.000,0,0.000,0.000
19,51991,오장한,NC,0.000,1,2,2,0,0,0,0,0,0,0,0,0,0,0,0,2,0,0.000,0.000,0.000,0,0.000,0.000
19,51996,오태양,NC,0.000,4,3,3,1,0,0,0,0,0,0,0,0,0,0,0,1,0,0.000,0.000,0.000,0,0.000,0.000
19,50903,한재환,NC,0.000,3,4,4,1,0,0,0,0,0,0,0,0,0,0,0,1,2,0.000,0.000,0.000,0,0.000,0.000
19,56904,허윤,NC,0.000,12,3,3,4,0,0,0,0,0,0,0,0,0,0,0,2,0,0.000,0.000,0.000,0,0.000,0.000
2,53554,김민석,두산,0.308,21,74,65,9,20,6,1,1,31,10,0,1,8,0,0,15,1,0.477,0.378,0.855,4,0.389,0.667
4,66209,조수행,두산,0.286,16,10,7,2,2,0,0,0,2,1,1,0,2,0,0,0,0,0.286,0.444,0.730,0,0.500,0.000
6,54236,임종성,두산,0.250,1,4,4,1,1,0,0,1,4,1,0,0,0,0,0,1,0,1.000,0.250,1.250,0,0.000,0.000
9,63123,강승호,두산,0.222,19,50,45,4,10,1,0,0,11,2,0,0,3,0,2,15,1,0.244,0.300,0.544,3,0.143,0.000
10,51203,안재석,두산,0.216,14,58,51,9,11,3,0,1,17,7,0,1,6,0,0,8,2,0.333,0.293,0.626,3,0.231,0.000
12,67207,이유찬,두산,0.200,19,32,25,3,5,1,0,0,6,7,0,2,3,0,2,7,0,0.240,0.313,0.553,1,0.250,0.000
13,50204,박지훈,두산,0.196,23,63,51,7,10,0,1,0,12,6,4,0,6,0,2,6,1,0.235,0.305,0.540,1,0.273,0.250
14,63257,김인태,두산,0.167,13,15,12,2,2,0,0,1,5,2,0,0,2,0,1,5,0,0.417,0.333,0.750,0,0.000,0.200
15,53296,윤준호,두산,0.143,15,27,21,2,3,0,0,0,3,2,2,1,3,0,0,6,1,0.143,0.240,0.383,0,0.250,1.000
16,77532,손아섭,두산,0.114,11,40,35,5,4,1,0,1,8,4,0,1,4,0,0,8,1,0.229,0.200,0.429,0,0.143,0.000
17,66112,김기연,두산,0.000,3,3,3,0,0,0,0,0,0,0,0,0,0,0,0,1,0,0.000,0.000,0.000,0,0.000,0.000
17,50208,오명진,두산,0.000,7,8,8,1,0,0,0,0,0,0,0,0,0,0,0,3,0,0.000,0.000,0.000,0,0.000,0.000
1,51762,장규현,한화,1.000,1,1,1,0,1,0,0,0,1,0,0,0,0,0,0,0,0,1.000,1.000,2.000,0,0.000,1.000
4,50709,박정현,한화,0.333,2,3,3,0,1,0,0,0,1,0,0,0,0,0,0,2,0,0.333,0.333,0.666,0,0.000,0.000
5,68700,이원석,한화,0.315,15,59,54,5,17,0,2,0,21,6,0,0,4,0,1,11,0,0.389,0.373,0.762,5,0.600,0.000
7,65703,이도윤,한화,0.295,18,50,44,6,13,3,0,0,16,4,1,0,4,0,1,6,0,0.364,0.367,0.731,3,0.333,0.000
8,62700,하주석,한화,0.274,20,67,62,3,17,1,0,0,18,6,1,0,4,0,0,18,1,0.290,0.318,0.608,4,0.350,1.000
9,50707,최인호,한화,0.250,9,8,8,1,2,0,0,0,2,1,0,0,0,0,0,1,0,0.250,0.250,0.500,0,0.500,0.200
10,64006,심우준,한화,0.242,19,71,62,15,15,4,0,2,25,10,0,0,8,0,1,15,0,0.403,0.338,0.741,5,0.353,0.000
11,54795,황영묵,한화,0.235,10,22,17,6,4,1,0,0,5,3,0,0,5,0,0,2,0,0.294,0.409,0.703,1,0.400,0.000
13,56754,오재원,한화,0.200,20,60,55,10,11,1,0,0,12,4,1,0,4,0,0,9,1,0.218,0.254,0.472,3,0.250,0.000
13,66657,이진영,한화,0.200,5,6,5,1,1,0,0,0,1,1,0,0,1,0,0,3,1,0.200,0.333,0.533,0,0.500,0.000
16,52764,허인서,한화,0.143,18,43,35,7,5,0,0,2,11,7,0,2,5,0,1,15,0,0.314,0.256,0.570,0,0.250,0.000
17,78288,최재훈,한화,0.136,17,53,44,5,6,0,0,0,6,3,2,0,3,0,4,10,1,0.136,0.255,0.391,0,0.063,0.000
18,66704,김태연,한화,0.115,16,30,26,3,3,0,0,1,6,1,2,0,1,0,1,7,0,0.231,0.179,0.410,0,0.000,0.000
1,52348,박찬혁,키움,0.305,19,64,59,5,18,1,0,0,19,3,1,0,3,0,1,14,2,0.322,0.349,0.671,5,0.286,0.000
2,50357,박주홍,키움,0.291,19,65,55,6,16,5,0,2,27,5,0,0,6,0,4,14,2,0.491,0.400,0.891,3,0.143,0.500
3,64340,임지열,키움,0.286,14,38,35,6,10,2,0,1,15,3,2,0,1,0,0,9,2,0.429,0.306,0.735,1,0.300,0.200
6,56326,김지석,키움,0.263,14,44,38,3,10,1,0,1,14,3,3,1,0,0,2,7,1,0.368,0.293,0.661,2,0.222,0.000
9,54394,송지후,키움,0.238,7,25,21,1,5,1,0,0,6,0,1,0,2,0,1,5,0,0.286,0.333,0.619,1,0.000,0.000
10,55392,어준서,키움,0.233,12,47,43,5,10,0,0,0,10,1,0,0,3,0,1,10,0,0.233,0.298,0.531,2,0.125,0.000
12,68362,추재현,키움,0.214,5,16,14,2,3,0,0,1,6,2,0,0,1,0,1,2,3,0.429,0.313,0.742,0,0.167,0.000
13,78135,이형종,키움,0.212,18,39,33,5,7,2,0,2,15,6,1,0,3,0,2,11,0,0.455,0.316,0.771,0,0.100,0.571
14,52305,박수종,키움,0.200,8,12,10,1,2,1,0,0,3,2,1,0,0,0,1,3,0,0.300,0.273,0.573,0,0.200,0.000
15,78756,오선진,키움,0.174,17,25,23,4,4,1,0,0,5,2,0,0,2,0,0,7,0,0.217,0.240,0.457,1,0.222,0.000
16,64984,김태진,키움,0.167,5,6,6,1,1,0,0,0,1,0,0,0,0,0,0,3,0,0.167,0.167,0.334,0,1.000,0.000
17,56338,최재영,키움,0.150,10,22,20,3,3,1,0,0,4,2,0,0,2,0,0,7,1,0.200,0.227,0.427,1,0.286,0.000
18,56304,박한결,키움,0.128,14,41,39,1,5,1,0,0,6,0,0,0,2,0,0,12,0,0.154,0.171,0.325,1,0.000,0.000
19,55339,염승원,키움,0.083,4,13,12,0,1,0,0,0,1,0,1,0,0,0,0,4,0,0.083,0.083,0.166,0,0.000,0.000
20,53344,김동헌,키움,0.000,4,10,9,1,0,0,0,0,0,1,0,0,1,0,0,2,0,0.000,0.100,0.100,0,0.000,0.000
20,62332,김재현,키움,0.000,4,6,5,0,0,0,0,0,0,0,0,0,0,0,1,3,0,0.000,0.167,0.167,0,0.000,0.000
20,69332,주성원,키움,0.000,1,3,2,1,0,0,0,0,0,0,0,0,0,0,1,0,0,0.000,0.333,0.333,0,0.000,0.000
2,50500,황성빈,롯데,0.327,16,54,52,6,17,1,2,0,22,2,1,0,1,0,0,11,0,0.423,0.340,0.763,5,0.333,1.000
3,62802,박승욱,롯데,0.286,18,14,14,1,4,0,0,0,4,4,0,0,0,0,0,4,0,0.286,0.286,0.572,0,0.600,0.500
7,68507,장두성,롯데,0.241,21,30,29,4,7,0,0,0,7,1,1,0,0,0,0,7,0,0.241,0.241,0.482,2,0.500,0.000
9,69508,신윤후,롯데,0.231,10,13,13,2,3,2,0,0,5,0,0,0,0,0,0,5,1,0.385,0.231,0.616,1,0.000,0.000
10,61102,유강남,롯데,0.204,21,51,49,4,10,1,0,2,17,4,0,1,1,0,0,15,1,0.347,0.216,0.563,1,0.100,0.143
11,68205,전민재,롯데,0.197,23,69,61,3,12,1,0,0,13,4,1,1,6,0,0,14,1,0.213,0.265,0.478,4,0.188,0.000
12,52591,윤동희,롯데,0.190,17,67,63,3,12,3,0,3,24,7,0,0,3,1,1,17,3,0.381,0.239,0.620,3,0.167,0.000
13,50150,손호영,롯데,0.174,20,52,46,9,8,3,0,2,17,3,0,0,6,0,0,11,2,0.370,0.269,0.639,1,0.000,0.333
14,51528,손성빈,롯데,0.159,22,52,44,2,7,2,0,1,12,4,2,1,5,0,0,12,1,0.273,0.240,0.513,0,0.071,0.000
15,54598,이호준,롯데,0.091,17,16,11,1,1,0,0,0,1,0,0,0,5,0,0,4,0,0.091,0.375,0.466,0,0.000,0.000
16,77564,김민성,롯데,0.071,11,17,14,1,1,0,0,1,4,3,0,0,3,0,0,3,0,0.286,0.235,0.521,0,0.000,0.000
17,55502,김동현,롯데,0.000,1,2,2,0,0,0,0,0,0,0,0,0,0,0,0,1,0,0.000,0.000,0.000,0,0.000,0.000
17,56563,이서준,롯데,0.000,3,2,2,0,0,0,0,0,0,0,0,0,0,0,0,1,0,0.000,0.000,0.000,0,0.000,0.000
17,68518,정보근,롯데,0.000,2,1,1,0,0,0,0,0,0,0,0,0,0,0,0,0,0,0.000,0.000,0.000,0,0.000,0.000
