날짜,순위,팀명,경기,승,패,무,승률,게임차,최근10경기,연속,홈,방문
20220402,1,KT,1,1,0,0,1.000,0,1승0무0패,1승,1-0-0,0-0-0
20220402,1,두산,1,1,0,0,1.000,0,1승0무0패,1승,1-0-0,0-0-0
20220402,1,LG,1,1,0,0,1.000,0,1승0무0패,1승,0-0-0,1-0-0
20220402,1,SSG,1,1,0,0,1.000,0,1승0무0패,1승,0-0-0,1-0-0
20220402,1,롯데,1,1,0,0,1.000,0,1승0무0패,1승,0-0-0,1-0-0
20220402,6,삼성,1,0,1,0,0.000,1,0승0무1패,1패,0-0-0,0-0-1
20220402,6,키움,1,0,1,0,0.000,1,0승0무1패,1패,0-0-1,0-0-0
20220402,6,NC,1,0,1,0,0.000,1,0승0무1패,1패,0-0-1,0-0-0
20220402,6,KIA,1,0,1,0,0.000,1,0승0무1패,1패,0-0-1,0-0-0
20220402,6,한화,1,0,1,0,0.000,1,0승0무1패,1패,0-0-0,0-0-1
20220403,1,두산,2,2,0,0,1.000,0,2승0무0패,2승,2-0-0,0-0-0
20220403,1,LG,2,2,0,0,1.000,0,2승0무0패,2승,0-0-0,2-0-0
20220403,1,SSG,2,2,0,0,1.000,0,2승0무0패,2승,0-0-0,2-0-0
20220403,4,KT,2,1,1,0,0.500,1,1승0무1패,1패,1-0-1,0-0-0
20220403,4,삼성,2,1,1,0,0.500,1,1승0무1패,1승,0-0-0,1-0-1
20220403,4,키움,2,1,1,0,0.500,1,1승0무1패,1승,1-0-1,0-0-0
20220403,4,롯데,2,1,1,0,0.500,1,1승0무1패,1패,0-0-0,1-0-1
20220403,8,NC,2,0,2,0,0.000,2,0승0무2패,2패,0-0-2,0-0-0
20220403,8,KIA,2,0,2,0,0.000,2,0승0무2패,2패,0-0-2,0-0-0
20220403,8,한화,2,0,2,0,0.000,2,0승0무2패,2패,0-0-0,0-0-2
20220405,1,LG,3,3,0,0,1.000,0,3승0무0패,3승,0-0-0,3-0-0
20220405,1,SSG,3,3,0,0,1.000,0,3승0무0패,3승,0-0-0,3-0-0
20220405,3,두산,3,2,1,0,0.667,1,2승0무1패,1패,2-0-1,0-0-0
20220405,3,삼성,3,2,1,0,0.667,1,2승0무1패,2승,0-0-0,2-0-1
20220405,3,롯데,3,2,1,0,0.667,1,2승0무1패,1승,0-0-0,2-0-1
20220405,6,KT,3,1,2,0,0.333,2,1승0무2패,2패,1-0-2,0-0-0
20220405,6,키움,3,1,2,0,0.333,2,1승0무2패,1패,1-0-2,0-0-0
20220405,6,KIA,3,1,2,0,0.333,2,1승0무2패,1승,1-0-2,0-0-0
20220405,9,NC,3,0,3,0,0.000,3,0승0무3패,3패,0-0-3,0-0-0
20220405,9,한화,3,0,3,0,0.000,3,0승0무3패,3패,0-0-0,0-0-3
20220406,1,LG,4,4,0,0,1.000,0,4승0무0패,4승,0-0-0,4-0-0
20220406,1,SSG,4,4,0,0,1.000,0,4승0무0패,4승,0-0-0,4-0-0
20220406,3,삼성,4,3,1,0,0.750,1,3승0무1패,3승,0-0-0,3-0-1
20220406,4,두산,4,2,2,0,0.500,2,2승0무2패,2패,2-0-2,0-0-0
20220406,4,롯데,4,2,2,0,0.500,2,2승0무2패,1패,0-0-0,2-0-2
20220406,4,KIA,4,2,2,0,0.500,2,2승0무2패,2승,2-0-2,0-0-0
20220406,7,KT,4,1,3,0,0.250,3,1승0무3패,3패,1-0-3,0-0-0
20220406,7,키움,4,1,3,0,0.250,3,1승0무3패,2패,1-0-3,0-0-0
20220406,7,NC,4,1,3,0,0.250,3,1승0무3패,1승,1-0-3,0-0-0
20220406,10,한화,4,0,4,0,0.000,4,0승0무4패,4패,0-0-0,0-0-4
20220407,1,LG,5,5,0,0,1.000,0,5승0무0패,5승,0-0-0,5-0-0
20220407,1,SSG,5,5,0,0,1.000,0,5승0무0패,5승,0-0-0,5-0-0
20220407,3,두산,5,3,2,0,0.600,2,3승0무2패,1승,3-0-2,0-0-0
20220407,3,삼성,5,3,2,0,0.600,2,3승0무2패,1패,0-0-0,3-0-2
20220407,3,롯데,5,3,2,0,0.600,2,3승0무2패,1승,0-0-0,3-0-2
20220407,3,KIA,5,3,2,0,0.600,2,3승0무2패,3승,3-0-2,0-0-0
20220407,7,KT,5,1,4,0,0.200,4,1승0무4패,4패,1-0-4,0-0-0
20220407,7,키움,5,1,4,0,0.200,4,1승0무4패,3패,1-0-4,0-0-0
20220407,7,NC,5,1,4,0,0.200,4,1승0무4패,1패,1-0-4,0-0-0
20220407,10,한화,5,0,5,0,0.000,5,0승0무5패,5패,0-0-0,0-0-5
20220408,1,SSG,6,6,0,0,1.000,0,6승0무0패,6승,1-0-0,5-0-0
20220408,2,LG,6,5,1,0,0.833,1,5승0무1패,1패,0-0-1,5-0-0
20220408,3,두산,6,4,2,0,0.667,2,4승0무2패,2승,3-0-2,1-0-0
20220408,4,삼성,6,3,3,0,0.500,3,3승0무3패,2패,0-0-1,3-0-2
20220408,4,롯데,6,3,3,0,0.500,3,3승0무3패,1패,0-0-1,3-0-2
20220408,4,KIA,6,3,3,0,0.500,3,3승0무3패,1패,3-0-2,0-0-1
20220408,7,KT,6,2,4,0,0.333,4,2승0무4패,1승,1-0-4,1-0-0
20220408,7,키움,6,2,4,0,0.333,4,2승0무4패,1승,1-0-4,1-0-0
20220408,7,NC,6,2,4,0,0.333,4,2승0무4패,1승,1-0-4,1-0-0
20220408,10,한화,6,0,6,0,0.000,6,0승0무6패,6패,0-0-1,0-0-5
20220409,1,SSG,7,7,0,0,1.000,0,7승0무0패,7승,2-0-0,5-0-0
20220409,2,LG,7,6,1,0,0.857,1,6승0무1패,1승,1-0-1,5-0-0
20220409,3,두산,7,4,3,0,0.571,3,4승0무3패,1패,3-0-2,1-0-1
20220409,3,롯데,7,4,3,0,0.571,3,4승0무3패,1승,1-0-1,3-0-2
20220409,5,삼성,7,3,4,0,0.429,4,3승0무4패,3패,0-0-2,3-0-2
20220409,5,키움,7,3,4,0,0.429,4,3승0무4패,2승,1-0-4,2-0-0
20220409,5,KIA,7,3,4,0,0.429,4,3승0무4패,2패,3-0-2,0-0-2
20220409,8,KT,7,2,5,0,0.286,5,2승0무5패,1패,1-0-4,1-0-1
20220409,8,NC,7,2,5,0,0.286,5,2승0무5패,1패,1-0-4,1-0-1
20220409,10,한화,7,1,6,0,0.143,6,1승0무6패,1승,1-0-1,0-0-5
20220410,1,SSG,8,8,0,0,1.000,0,8승0무0패,8승,3-0-0,5-0-0
20220410,2,LG,8,7,1,0,0.875,1,7승0무1패,2승,2-0-1,5-0-0
20220410,3,두산,8,5,3,0,0.625,3,5승0무3패,1승,3-0-2,2-0-1
20220410,4,키움,8,4,4,0,0.500,4,4승0무4패,3승,1-0-4,3-0-0
20220410,4,롯데,8,4,4,0,0.500,4,4승0무4패,1패,1-0-2,3-0-2
20220410,6,삼성,8,3,5,0,0.375,5,3승0무5패,4패,0-0-3,3-0-2
20220410,6,KIA,8,3,5,0,0.375,5,3승0무5패,3패,3-0-2,0-0-3
20220410,8,KT,8,2,6,0,0.250,6,2승0무6패,2패,1-0-4,1-0-2
20220410,8,NC,8,2,6,0,0.250,6,2승0무6패,2패,1-0-4,1-0-2
20220410,8,한화,8,2,6,0,0.250,6,2승0무6패,2승,2-0-1,0-0-5
20220412,1,SSG,9,9,0,0,1.000,0,9승0무0패,9승,3-0-0,6-0-0
20220412,2,LG,9,7,2,0,0.778,2,7승0무2패,1패,2-0-2,5-0-0
20220412,3,두산,9,6,3,0,0.667,3,6승0무3패,2승,3-0-2,3-0-1
20220412,4,키움,9,5,4,0,0.556,4,5승0무4패,4승,2-0-4,3-0-0
20220412,5,삼성,9,4,5,0,0.444,5,4승0무5패,1승,1-0-3,3-0-2
20220412,5,롯데,9,4,5,0,0.444,5,4승0무5패,2패,1-0-2,3-0-3
20220412,5,KIA,9,4,5,0,0.444,5,4승0무5패,1승,4-0-2,0-0-3
20220412,8,KT,9,2,7,0,0.222,7,2승0무7패,3패,1-0-5,1-0-2
20220412,8,NC,9,2,7,0,0.222,7,2승0무7패,3패,1-0-4,1-0-3
20220412,8,한화,9,2,7,0,0.222,7,2승0무7패,1패,2-0-1,0-0-6
20220413,1,SSG,10,10,0,0,1.000,0,10승0무0패,10승,3-0-0,7-0-0
20220413,2,LG,10,7,3,0,0.700,3,7승0무3패,2패,2-0-3,5-0-0
20220413,3,두산,9,6,3,0,0.667,3.5,6승0무3패,2승,3-0-2,3-0-1
20220413,4,키움,10,6,4,0,0.600,4,6승0무4패,5승,3-0-4,3-0-0
20220413,5,삼성,10,5,5,0,0.500,5,5승0무5패,2승,2-0-3,3-0-2
20220413,6,롯데,9,4,5,0,0.444,5.5,4승0무5패,2패,1-0-2,3-0-3
20220413,6,KIA,9,4,5,0,0.444,5.5,4승0무5패,1승,4-0-2,0-0-3
20220413,8,KT,9,2,7,0,0.222,7.5,2승0무7패,3패,1-0-5,1-0-2
20220413,9,NC,10,2,8,0,0.200,8,2승0무8패,4패,1-0-4,1-0-4
20220413,9,한화,10,2,8,0,0.200,8,2승0무8패,2패,2-0-1,0-0-7
20220414,1,SSG,11,10,1,0,0.909,0,9승0무1패,1패,3-0-0,7-0-1
20220414,2,LG,11,8,3,0,0.727,2,7승0무3패,1승,3-0-3,5-0-0
20220414,3,두산,10,7,3,0,0.700,2.5,7승0무3패,3승,3-0-2,4-0-1
20220414,4,키움,11,7,4,0,0.636,3,7승0무3패,6승,4-0-4,3-0-0
20220414,5,삼성,11,6,5,0,0.545,4,6승0무4패,3승,3-0-3,3-0-2
20220414,6,롯데,10,5,5,0,0.500,4.5,5승0무5패,1승,1-0-2,4-0-3
20220414,7,KIA,10,4,6,0,0.400,5.5,4승0무6패,1패,4-0-3,0-0-3
20220414,8,KT,10,2,8,0,0.200,7.5,2승0무8패,4패,1-0-6,1-0-2
20220414,9,NC,11,2,9,0,0.182,8,2승0무8패,5패,1-0-4,1-0-5
20220414,9,한화,11,2,9,0,0.182,8,2승0무8패,3패,2-0-1,0-0-8
20220415,1,SSG,12,11,1,0,0.917,0,9승0무1패,1승,4-0-0,7-0-1
20220415,2,LG,12,8,4,0,0.667,3,6승0무4패,1패,3-0-3,5-0-1
20220415,2,키움,12,8,4,0,0.667,3,7승0무3패,7승,4-0-4,4-0-0
20220415,4,두산,11,7,4,0,0.636,3.5,6승0무4패,1패,3-0-3,4-0-1
20220415,5,롯데,11,6,5,0,0.545,4.5,5승0무5패,2승,2-0-2,4-0-3
20220415,6,삼성,12,6,6,0,0.500,5,5승0무5패,1패,3-0-3,3-0-3
20220415,7,KIA,11,4,7,0,0.364,6.5,4승0무6패,2패,4-0-3,0-0-4
20220415,8,NC,12,3,9,0,0.250,8,3승0무7패,1승,2-0-4,1-0-5
20220415,8,한화,12,3,9,0,0.250,8,3승0무7패,1승,3-0-1,0-0-8
20220415,10,KT,11,2,9,0,0.182,8.5,1승0무9패,5패,1-0-6,1-0-3
20220416,1,SSG,13,12,1,0,0.923,0,9승0무1패,2승,5-0-0,7-0-1
20220416,2,LG,13,9,4,0,0.692,3,6승0무4패,1승,3-0-3,6-0-1
20220416,3,두산,12,8,4,0,0.667,3.5,6승0무4패,1승,4-0-3,4-0-1
20220416,4,키움,13,8,5,0,0.615,4,7승0무3패,1패,4-0-4,4-0-1
20220416,5,롯데,12,6,6,0,0.500,5.5,5승0무5패,1패,2-0-3,4-0-3
20220416,6,삼성,13,6,7,0,0.462,6,4승0무6패,2패,3-0-3,3-0-4
20220416,7,KIA,12,5,7,0,0.417,6.5,5승0무5패,1승,4-0-3,1-0-4
20220416,8,KT,12,3,9,0,0.250,8.5,2승0무8패,1승,1-0-6,2-0-3
20220416,9,NC,13,3,10,0,0.231,9,3승0무7패,1패,2-0-5,1-0-5
20220416,9,한화,13,3,10,0,0.231,9,3승0무7패,1패,3-0-2,0-0-8
20220417,1,SSG,14,13,1,0,0.929,0,9승0무1패,3승,6-0-0,7-0-1
20220417,2,LG,14,10,4,0,0.714,3,6승0무4패,2승,3-0-3,7-0-1
20220417,3,키움,14,9,5,0,0.643,4,8승0무2패,1승,4-0-4,5-0-1
20220417,4,두산,13,8,5,0,0.615,4.5,6승0무4패,1패,4-0-4,4-0-1
20220417,5,롯데,13,7,6,0,0.538,5.5,5승0무5패,1승,3-0-3,4-0-3
20220417,6,KIA,13,6,7,0,0.462,6.5,5승0무5패,2승,4-0-3,2-0-4
20220417,7,삼성,14,6,8,0,0.429,7,3승0무7패,3패,3-0-3,3-0-5
20220417,8,KT,13,3,10,0,0.231,9.5,2승0무8패,1패,1-0-6,2-0-4
20220417,9,NC,14,3,11,0,0.214,10,2승0무8패,2패,2-0-6,1-0-5
20220417,9,한화,14,3,11,0,0.214,10,3승0무7패,2패,3-0-3,0-0-8
20220419,1,SSG,15,13,2,0,0.867,0,8승0무2패,1패,6-0-1,7-0-1
20220419,2,LG,15,10,5,0,0.667,3,5승0무5패,1패,3-0-4,7-0-1
20220419,2,키움,15,10,5,0,0.667,3,9승0무1패,2승,4-0-4,6-0-1
20220419,4,두산,14,8,6,0,0.571,4.5,6승0무4패,2패,4-0-4,4-0-2
20220419,5,롯데,14,7,7,0,0.500,5.5,5승0무5패,1패,3-0-4,4-0-3
20220419,5,KIA,14,7,7,0,0.500,5.5,5승0무5패,3승,5-0-3,2-0-4
20220419,7,삼성,15,6,9,0,0.400,7,3승0무7패,4패,3-0-3,3-0-6
20220419,8,KT,14,4,10,0,0.286,8.5,3승0무7패,1승,1-0-6,3-0-4
20220419,9,NC,15,4,11,0,0.267,9,3승0무7패,1승,3-0-6,1-0-5
20220419,9,한화,15,4,11,0,0.267,9,4승0무6패,1승,3-0-3,1-0-8
20220420,1,SSG,16,14,2,0,0.875,0,8승0무2패,1승,7-0-1,7-0-1
20220420,2,LG,16,10,6,0,0.625,4,5승0무5패,2패,3-0-5,7-0-1
20220420,2,키움,16,10,6,0,0.625,4,8승0무2패,1패,4-0-4,6-0-2
20220420,4,두산,15,9,6,0,0.600,4.5,6승0무4패,1승,4-0-4,5-0-2
20220420,5,롯데,15,8,7,0,0.533,5.5,5승0무5패,1승,4-0-4,4-0-3
20220420,6,KIA,15,7,8,0,0.467,6.5,4승0무6패,1패,5-0-4,2-0-4
20220420,7,삼성,16,6,10,0,0.375,8,3승0무7패,5패,3-0-3,3-0-7
20220420,8,KT,15,5,10,0,0.333,8.5,4승0무6패,2승,1-0-6,4-0-4
20220420,9,NC,16,5,11,0,0.313,9,3승0무7패,2승,4-0-6,1-0-5
20220420,10,한화,16,4,12,0,0.250,10,4승0무6패,1패,3-0-3,1-0-9
20220421,1,SSG,17,15,2,0,0.882,0,8승0무2패,2승,8-0-1,7-0-1
20220421,2,두산,16,10,6,0,0.625,4.5,6승0무4패,2승,4-0-4,6-0-2
20220421,3,LG,17,10,7,0,0.588,5,4승0무6패,3패,3-0-6,7-0-1
20220421,3,키움,17,10,7,0,0.588,5,7승0무3패,2패,4-0-4,6-0-3
20220421,5,롯데,16,8,8,0,0.500,6.5,5승0무5패,1패,4-0-5,4-0-3
20220421,6,KIA,16,7,9,0,0.438,7.5,4승0무6패,2패,5-0-5,2-0-4
20220421,7,삼성,17,7,10,0,0.412,8,4승0무6패,1승,3-0-3,4-0-7
20220421,8,KT,16,6,10,0,0.375,8.5,4승0무6패,3승,1-0-6,5-0-4
20220421,9,NC,17,5,12,0,0.294,10,3승0무7패,1패,4-0-7,1-0-5
20220421,9,한화,17,5,12,0,0.294,10,4승0무6패,1승,3-0-3,2-0-9
20220422,1,SSG,18,15,3,0,0.833,0,7승0무3패,1패,8-0-1,7-0-2
20220422,2,LG,18,11,7,0,0.611,4,4승0무6패,1승,3-0-6,8-0-1
20220422,3,두산,17,10,7,0,0.588,4.5,6승0무4패,1패,4-0-5,6-0-2
20220422,4,키움,18,10,8,0,0.556,5,6승0무4패,3패,4-0-5,6-0-3
20220422,5,롯데,17,9,8,0,0.529,5.5,5승0무5패,1승,4-0-5,5-0-3
20220422,6,KIA,17,8,9,0,0.471,6.5,5승0무5패,1승,5-0-5,3-0-4
20220422,7,KT,17,7,10,0,0.412,7.5,5승0무5패,4승,2-0-6,5-0-4
20220422,8,삼성,18,7,11,0,0.389,8,4승0무6패,1패,3-0-4,4-0-7
20220422,9,한화,18,6,12,0,0.333,9,4승0무6패,2승,4-0-3,2-0-9
20220422,10,NC,18,5,13,0,0.278,10,3승0무7패,2패,4-0-7,1-0-6
20220423,1,SSG,19,15,4,0,0.789,0,6승0무4패,2패,8-0-1,7-0-3
20220423,2,두산,18,11,7,0,0.611,3.5,6승0무4패,1승,5-0-5,6-0-2
20220423,3,LG,19,11,8,0,0.579,4,4승0무6패,1패,3-0-6,8-0-2
20220423,3,키움,19,11,8,0,0.579,4,6승0무4패,1승,5-0-5,6-0-3
20220423,5,롯데,18,10,8,0,0.556,4.5,6승0무4패,2승,4-0-5,6-0-3
20220423,6,KT,18,8,10,0,0.444,6.5,6승0무4패,5승,3-0-6,5-0-4
20220423,6,KIA,18,8,10,0,0.444,6.5,5승0무5패,1패,5-0-5,3-0-5
20220423,8,삼성,19,7,12,0,0.368,8,3승0무7패,2패,3-0-5,4-0-7
20220423,8,한화,19,7,12,0,0.368,8,5승0무5패,3승,5-0-3,2-0-9
20220423,10,NC,19,5,14,0,0.263,10,3승0무7패,3패,4-0-7,1-0-7
20220424,1,SSG,20,16,4,0,0.800,0,6승0무4패,1승,8-0-1,8-0-3
20220424,2,LG,20,12,8,0,0.600,4,5승0무5패,1승,3-0-6,9-0-2
20220424,3,두산,19,11,8,0,0.579,4.5,5승0무5패,1패,5-0-6,6-0-2
20220424,3,롯데,19,11,8,0,0.579,4.5,7승0무3패,3승,4-0-5,7-0-3
20220424,5,키움,20,11,9,0,0.550,5,5승0무5패,1패,5-0-6,6-0-3
20220424,6,KIA,19,9,10,0,0.474,6.5,5승0무5패,1승,5-0-5,4-0-5
20220424,7,KT,19,8,11,0,0.421,7.5,6승0무4패,1패,3-0-7,5-0-4
20220424,8,삼성,20,7,13,0,0.350,9,2승0무8패,3패,3-0-6,4-0-7
20220424,8,한화,20,7,13,0,0.350,9,5승0무5패,1패,5-0-4,2-0-9
20220424,10,NC,20,6,14,0,0.300,10,4승0무6패,1승,4-0-7,2-0-7
20220426,1,SSG,21,17,4,0,0.810,0,7승0무3패,2승,8-0-1,9-0-3
20220426,2,두산,20,12,8,0,0.600,4.5,5승0무5패,1승,6-0-6,6-0-2
20220426,3,LG,21,12,9,0,0.571,5,4승0무6패,1패,3-0-6,9-0-3
20220426,4,롯데,20,11,9,0,0.550,5.5,6승0무4패,1패,4-0-6,7-0-3
20220426,5,키움,21,11,10,0,0.524,6,4승0무6패,2패,5-0-6,6-0-4
20220426,6,KIA,20,10,10,0,0.500,6.5,6승0무4패,2승,5-0-5,5-0-5
20220426,7,KT,20,8,12,0,0.400,8.5,6승0무4패,2패,3-0-8,5-0-4
20220426,8,삼성,21,8,13,0,0.381,9,2승0무8패,1승,4-0-6,4-0-7
20220426,8,한화,21,8,13,0,0.381,9,6승0무4패,1승,6-0-4,2-0-9
20220426,10,NC,21,6,15,0,0.286,11,4승0무6패,1패,4-0-7,2-0-8
20220427,1,SSG,22,17,4,1,0.810,0,6승1무3패,2승,8-0-1,9-1-3
20220427,2,두산,21,13,8,0,0.619,4,6승0무4패,2승,7-0-6,6-0-2
20220427,3,LG,22,13,9,0,0.591,4.5,5승0무5패,1승,3-0-6,10-0-3
20220427,4,롯데,21,11,9,1,0.550,5.5,5승1무4패,1패,4-1-6,7-0-3
20220427,5,키움,22,12,10,0,0.545,5.5,4승0무6패,1승,5-0-6,7-0-4
20220427,6,KIA,21,10,11,0,0.476,7,6승0무4패,1패,5-0-5,5-0-6
20220427,7,KT,21,9,12,0,0.429,8,7승0무3패,1승,4-0-8,5-0-4
20220427,8,삼성,22,8,14,0,0.364,9.5,2승0무8패,1패,4-0-7,4-0-7
20220427,8,한화,22,8,14,0,0.364,9.5,5승0무5패,1패,6-0-5,2-0-9
20220427,10,NC,22,6,16,0,0.273,11.5,3승0무7패,2패,4-0-7,2-0-9
20220428,1,SSG,23,17,5,1,0.773,0,5승1무4패,1패,8-0-1,9-1-4
20220428,2,LG,23,14,9,0,0.609,3.5,5승0무5패,2승,3-0-6,11-0-3
20220428,3,두산,22,13,9,0,0.591,4,5승0무5패,1패,7-0-7,6-0-2
20220428,4,롯데,22,12,9,1,0.571,4.5,6승1무3패,1승,5-1-6,7-0-3
20220428,5,키움,23,13,10,0,0.565,4.5,5승0무5패,2승,5-0-6,8-0-4
20220428,6,KT,22,10,12,0,0.455,7,7승0무3패,2승,5-0-8,5-0-4
20220428,6,KIA,22,10,12,0,0.455,7,5승0무5패,2패,5-0-5,5-0-7
20220428,8,삼성,23,8,15,0,0.348,9.5,2승0무8패,2패,4-0-8,4-0-7
20220428,8,한화,23,8,15,0,0.348,9.5,5승0무5패,2패,6-0-6,2-0-9
20220428,10,NC,23,7,16,0,0.304,10.5,4승0무6패,1승,4-0-7,3-0-9
20220429,1,SSG,24,18,5,1,0.783,0,5승1무4패,1승,9-0-1,9-1-4
20220429,2,롯데,23,13,9,1,0.591,4.5,6승1무3패,2승,5-1-6,8-0-3
20220429,3,LG,24,14,10,0,0.583,4.5,4승0무6패,1패,3-0-7,11-0-3
20220429,4,두산,23,13,10,0,0.565,5,5승0무5패,2패,7-0-7,6-0-3
20220429,5,키움,24,13,11,0,0.542,5.5,4승0무6패,1패,5-0-7,8-0-4
20220429,6,KT,23,11,12,0,0.478,7,8승0무2패,3승,5-0-8,6-0-4
20220429,7,KIA,23,10,13,0,0.435,8,4승0무6패,3패,5-0-6,5-0-7
20220429,8,삼성,24,9,15,0,0.375,9.5,3승0무7패,1승,4-0-8,5-0-7
20220429,9,NC,24,8,16,0,0.333,10.5,5승0무5패,2승,5-0-7,3-0-9
20220429,9,한화,24,8,16,0,0.333,10.5,5승0무5패,3패,6-0-6,2-0-10
20220430,1,SSG,25,19,5,1,0.792,0,6승1무3패,2승,10-0-1,9-1-4
20220430,2,롯데,24,14,9,1,0.609,4.5,7승1무2패,3승,5-1-6,9-0-3
20220430,3,LG,25,14,11,0,0.560,5.5,4승0무6패,2패,3-0-8,11-0-3
20220430,3,키움,25,14,11,0,0.560,5.5,4승0무6패,1승,6-0-7,8-0-4
20220430,5,두산,24,13,11,0,0.542,6,5승0무5패,3패,7-0-7,6-0-4
20220430,6,KT,24,11,13,0,0.458,8,7승0무3패,1패,5-0-8,6-0-5
20220430,7,KIA,24,10,14,0,0.417,9,3승0무7패,4패,5-0-7,5-0-7
20220430,8,삼성,25,10,15,0,0.400,9.5,4승0무6패,2승,4-0-8,6-0-7
20220430,9,한화,25,9,16,0,0.360,10.5,5승0무5패,1승,6-0-6,3-0-10
20220430,10,NC,25,8,17,0,0.320,11.5,4승0무6패,1패,5-0-8,3-0-9
20220501,1,SSG,26,19,6,1,0.760,0,5승1무4패,1패,10-0-2,9-1-4
20220501,2,롯데,25,15,9,1,0.625,3.5,7승1무2패,4승,5-1-6,10-0-3
20220501,3,키움,26,15,11,0,0.577,4.5,5승0무5패,2승,7-0-7,8-0-4
20220501,4,두산,25,14,11,0,0.560,5,5승0무5패,1승,7-0-7,7-0-4
20220501,5,LG,26,14,12,0,0.538,5.5,4승0무6패,3패,3-0-9,11-0-3
20220501,6,KT,25,11,14,0,0.440,8,6승0무4패,2패,5-0-8,6-0-6
20220501,7,삼성,26,11,15,0,0.423,8.5,5승0무5패,3승,4-0-8,7-0-7
20220501,8,KIA,25,10,15,0,0.400,9,3승0무7패,5패,5-0-8,5-0-7
20220501,9,한화,26,10,16,0,0.385,9.5,6승0무4패,2승,6-0-6,4-0-10
20220501,10,NC,26,8,18,0,0.308,11.5,3승0무7패,2패,5-0-9,3-0-9
20220503,1,SSG,27,20,6,1,0.769,0,5승1무4패,1승,11-0-2,9-1-4
20220503,2,롯데,26,15,10,1,0.600,4.5,7승1무2패,1패,5-1-6,10-0-4
20220503,3,키움,27,16,11,0,0.593,4.5,6승0무4패,3승,7-0-7,9-0-4
20220503,4,LG,27,15,12,0,0.556,5.5,5승0무5패,1승,4-0-9,11-0-3
20220503,5,두산,26,14,12,0,0.538,6,4승0무6패,1패,7-0-7,7-0-5
20220503,6,KT,26,12,14,0,0.462,8,6승0무4패,1승,6-0-8,6-0-6
20220503,7,삼성,27,11,16,0,0.407,9.5,4승0무6패,1패,4-0-9,7-0-7
20220503,8,KIA,26,10,16,0,0.385,10,3승0무7패,6패,5-0-9,5-0-7
20220503,9,한화,27,10,17,0,0.370,10.5,5승0무5패,1패,6-0-6,4-0-11
20220503,10,NC,27,9,18,0,0.333,11.5,4승0무6패,1승,5-0-9,4-0-9
20220504,1,SSG,28,20,7,1,0.741,0,5승1무4패,1패,11-0-3,9-1-4
20220504,2,롯데,27,16,10,1,0.615,3.5,7승1무2패,1승,5-1-6,11-0-4
20220504,3,키움,28,16,12,0,0.571,4.5,6승0무4패,1패,7-0-7,9-0-5
20220504,4,두산,27,15,12,0,0.556,5,5승0무5패,1승,7-0-7,8-0-5
20220504,5,LG,28,15,13,0,0.536,5.5,4승0무6패,1패,4-0-10,11-0-3
20220504,6,KT,27,12,15,0,0.444,8,5승0무5패,1패,6-0-9,6-0-6
20220504,7,삼성,28,12,16,0,0.429,8.5,5승0무5패,1승,5-0-9,7-0-7
20220504,8,KIA,27,11,16,0,0.407,9,3승0무7패,1승,6-0-9,5-0-7
20220504,9,한화,28,11,17,0,0.393,9.5,5승0무5패,1승,6-0-6,5-0-11
20220504,10,NC,28,9,19,0,0.321,11.5,4승0무6패,1패,5-0-9,4-0-10
20220505,1,SSG,29,21,7,1,0.750,0,6승1무3패,1승,12-0-3,9-1-4
20220505,2,롯데,28,16,11,1,0.593,4.5,6승1무3패,1패,5-1-6,11-0-5
20220505,3,두산,28,16,12,0,0.571,5,5승0무5패,2승,7-0-7,9-0-5
20220505,4,키움,29,16,13,0,0.552,5.5,5승0무5패,2패,7-0-7,9-0-6
20220505,5,LG,29,15,14,0,0.517,6.5,4승0무6패,2패,4-0-11,11-0-3
20220505,6,KT,28,13,15,0,0.464,8,5승0무5패,1승,7-0-9,6-0-6
20220505,7,삼성,29,13,16,0,0.448,8.5,6승0무4패,2승,6-0-9,7-0-7
20220505,8,KIA,28,12,16,0,0.429,9,4승0무6패,2승,7-0-9,5-0-7
20220505,9,한화,29,11,18,0,0.379,10.5,4승0무6패,1패,6-0-6,5-0-12
20220505,10,NC,29,9,20,0,0.310,12.5,4승0무6패,2패,5-0-9,4-0-11
20220506,1,SSG,30,21,8,1,0.724,0,5승1무4패,1패,12-0-3,9-1-5
20220506,2,롯데,29,16,12,1,0.571,4.5,5승1무4패,2패,5-1-7,11-0-5
20220506,3,키움,30,17,13,0,0.567,4.5,6승0무4패,1승,8-0-7,9-0-6
20220506,4,두산,29,16,13,0,0.552,5,5승0무5패,1패,7-0-8,9-0-5
20220506,5,LG,30,16,14,0,0.533,5.5,4승0무6패,1승,4-0-11,12-0-3
20220506,6,KT,29,14,15,0,0.483,7,6승0무4패,2승,7-0-9,7-0-6
20220506,7,삼성,30,14,16,0,0.467,7.5,7승0무3패,3승,6-0-9,8-0-7
20220506,8,KIA,29,13,16,0,0.448,8,4승0무6패,3승,7-0-9,6-0-7
20220506,9,한화,30,11,19,0,0.367,10.5,4승0무6패,2패,6-0-7,5-0-12
20220506,10,NC,30,9,21,0,0.300,12.5,3승0무7패,3패,5-0-10,4-0-11
20220507,1,SSG,31,22,8,1,0.733,0,5승1무4패,1승,12-0-3,10-1-5
20220507,2,두산,30,17,13,0,0.567,5,5승0무5패,1승,8-0-8,9-0-5
20220507,3,롯데,30,16,13,1,0.552,5.5,5승1무4패,3패,5-1-8,11-0-5
20220507,4,LG,31,17,14,0,0.548,5.5,5승0무5패,2승,4-0-11,13-0-3
20220507,4,키움,31,17,14,0,0.548,5.5,6승0무4패,1패,8-0-8,9-0-6
20220507,6,삼성,31,15,16,0,0.484,7.5,7승0무3패,4승,6-0-9,9-0-7
20220507,7,KT,30,14,16,0,0.467,8,6승0무4패,1패,7-0-9,7-0-7
20220507,7,KIA,30,14,16,0,0.467,8,4승0무6패,4승,7-0-9,7-0-7
20220507,9,한화,31,11,20,0,0.355,11.5,3승0무7패,3패,6-0-8,5-0-12
20220507,10,NC,31,9,22,0,0.290,13.5,3승0무7패,4패,5-0-11,4-0-11
20220508,1,SSG,32,23,8,1,0.742,0,6승0무4패,2승,12-0-3,11-1-5
20220508,2,LG,32,18,14,0,0.563,5.5,5승0무5패,3승,4-0-11,14-0-3
20220508,3,두산,31,17,14,0,0.548,6,4승0무6패,1패,8-0-9,9-0-5
20220508,4,롯데,31,16,14,1,0.533,6.5,5승0무5패,4패,5-1-9,11-0-5
20220508,5,키움,32,17,15,0,0.531,6.5,5승0무5패,2패,8-0-9,9-0-6
20220508,6,삼성,32,16,16,0,0.500,7.5,8승0무2패,5승,6-0-9,10-0-7
20220508,7,KT,31,15,16,0,0.484,8,6승0무4패,1승,7-0-9,8-0-7
20220508,7,KIA,31,15,16,0,0.484,8,5승0무5패,5승,7-0-9,8-0-7
20220508,9,한화,32,11,21,0,0.344,12.5,3승0무7패,4패,6-0-9,5-0-12
20220508,10,NC,32,9,23,0,0.281,14.5,3승0무7패,5패,5-0-12,4-0-11
20220510,1,SSG,33,24,8,1,0.750,0,7승0무3패,3승,12-0-3,12-1-5
20220510,2,LG,33,19,14,0,0.576,5.5,5승0무5패,4승,5-0-11,14-0-3
20220510,3,두산,32,18,14,0,0.563,6,5승0무5패,1승,8-0-9,10-0-5
20220510,4,롯데,32,17,14,1,0.548,6.5,5승0무5패,1승,6-1-9,11-0-5
20220510,5,키움,33,17,16,0,0.515,7.5,4승0무6패,3패,8-0-10,9-0-6
20220510,6,KIA,32,16,16,0,0.500,8,6승0무4패,6승,8-0-9,8-0-7
20220510,7,삼성,33,16,17,0,0.485,8.5,8승0무2패,1패,6-0-10,10-0-7
20220510,8,KT,32,15,17,0,0.469,9,5승0무5패,1패,7-0-9,8-0-8
20220510,9,한화,33,11,22,0,0.333,13.5,3승0무7패,5패,6-0-9,5-0-13
20220510,10,NC,33,9,24,0,0.273,15.5,2승0무8패,6패,5-0-12,4-0-12
20220511,1,SSG,34,24,9,1,0.727,0,6승0무4패,1패,12-0-3,12-1-6
20220511,2,LG,34,20,14,0,0.588,4.5,6승0무4패,5승,6-0-11,14-0-3
20220511,3,두산,33,19,14,0,0.576,5,6승0무4패,2승,8-0-9,11-0-5
20220511,4,롯데,33,18,14,1,0.563,5.5,5승0무5패,2승,7-1-9,11-0-5
20220511,5,삼성,34,17,17,0,0.500,7.5,8승0무2패,1승,7-0-10,10-0-7
20220511,5,키움,34,17,17,0,0.500,7.5,4승0무6패,4패,8-0-11,9-0-6
20220511,7,KT,33,16,17,0,0.485,8,5승0무5패,1승,7-0-9,9-0-8
20220511,7,KIA,33,16,17,0,0.485,8,6승0무4패,1패,8-0-10,8-0-7
20220511,9,한화,34,11,23,0,0.324,13.5,3승0무7패,6패,6-0-9,5-0-14
20220511,10,NC,34,9,25,0,0.265,15.5,1승0무9패,7패,5-0-12,4-0-13
20220512,1,SSG,35,24,10,1,0.706,0,5승0무5패,2패,12-0-3,12-1-7
20220512,2,LG,35,21,14,0,0.600,3.5,7승0무3패,6승,7-0-11,14-0-3
20220512,3,두산,34,20,14,0,0.588,4,7승0무3패,3승,8-0-9,12-0-5
20220512,4,롯데,34,18,15,1,0.545,5.5,4승0무6패,1패,7-1-10,11-0-5
20220512,5,삼성,35,18,17,0,0.514,6.5,8승0무2패,2승,8-0-10,10-0-7
20220512,6,KIA,34,17,17,0,0.500,7,7승0무3패,1승,9-0-10,8-0-7
20220512,7,키움,35,17,18,0,0.486,7.5,3승0무7패,5패,8-0-12,9-0-6
20220512,8,KT,34,16,18,0,0.471,8,5승0무5패,1패,7-0-9,9-0-9
20220512,9,한화,35,11,24,0,0.314,13.5,2승0무8패,7패,6-0-9,5-0-15
20220512,10,NC,35,10,25,0,0.286,14.5,2승0무8패,1승,5-0-12,5-0-13
20220513,1,SSG,36,24,11,1,0.686,0,5승0무5패,3패,12-0-4,12-1-7
20220513,2,두산,34,20,14,0,0.588,3.5,7승0무3패,3승,8-0-9,12-0-5
20220513,3,LG,36,21,15,0,0.583,3.5,7승0무3패,1패,7-0-12,14-0-3
20220513,4,롯데,35,19,15,1,0.559,4.5,4승0무6패,1승,7-1-10,12-0-5
20220513,5,삼성,35,18,17,0,0.514,6,8승0무2패,2승,8-0-10,10-0-7
20220513,5,KIA,35,18,17,0,0.514,6,8승0무2패,2승,9-0-10,9-0-7
20220513,7,키움,36,18,18,0,0.500,6.5,3승0무7패,1승,8-0-12,10-0-6
20220513,8,KT,35,16,19,0,0.457,8,5승0무5패,2패,7-0-10,9-0-9
20220513,9,NC,36,11,25,0,0.306,13.5,3승0무7패,2승,5-0-12,6-0-13
20220513,9,한화,36,11,25,0,0.306,13.5,1승0무9패,8패,6-0-10,5-0-15
20220514,1,SSG,37,25,11,1,0.694,0,5승0무5패,1승,13-0-4,12-1-7
20220514,2,LG,37,22,15,0,0.595,3.5,7승0무3패,1승,8-0-12,14-0-3
20220514,3,두산,35,20,15,0,0.571,4.5,6승0무4패,1패,8-0-9,12-0-6
20220514,3,롯데,36,20,15,1,0.571,4.5,5승0무5패,2승,7-1-10,13-0-5
20220514,5,삼성,36,19,17,0,0.528,6,8승0무2패,3승,9-0-10,10-0-7
20220514,6,키움,37,19,18,0,0.514,6.5,3승0무7패,2승,8-0-12,11-0-6
20220514,7,KIA,36,18,18,0,0.500,7,8승0무2패,1패,9-0-10,9-0-8
20220514,8,KT,36,16,20,0,0.444,9,4승0무6패,3패,7-0-11,9-0-9
20220514,9,NC,37,11,26,0,0.297,14.5,2승0무8패,1패,5-0-12,6-0-14
20220514,9,한화,37,11,26,0,0.297,14.5,1승0무9패,9패,6-0-11,5-0-15
20220515,1,SSG,38,25,12,1,0.676,0,5승0무5패,1패,13-0-5,12-1-7
20220515,2,LG,38,23,15,0,0.605,2.5,8승0무2패,2승,9-0-12,14-0-3
20220515,3,두산,36,20,16,0,0.556,4.5,6승0무4패,2패,8-0-9,12-0-7
20220515,3,롯데,37,20,16,1,0.556,4.5,4승0무6패,1패,7-1-10,13-0-6
20220515,5,삼성,37,20,17,0,0.541,5,9승0무1패,4승,10-0-10,10-0-7
20220515,6,키움,38,20,18,0,0.526,5.5,4승0무6패,3승,8-0-12,12-0-6
20220515,7,KIA,37,18,19,0,0.486,7,7승0무3패,2패,9-0-10,9-0-9
20220515,8,KT,37,16,21,0,0.432,9,4승0무6패,4패,7-0-12,9-0-9
20220515,9,NC,38,12,26,0,0.316,13.5,3승0무7패,1승,5-0-12,7-0-14
20220515,9,한화,38,12,26,0,0.316,13.5,1승0무9패,1승,7-0-11,5-0-15
20220517,1,SSG,39,25,12,2,0.676,0,4승1무5패,1패,13-0-5,12-2-7
20220517,2,LG,39,23,16,0,0.590,3,8승0무2패,1패,9-0-12,14-0-4
20220517,3,두산,37,20,16,1,0.556,4.5,5승1무4패,2패,8-1-9,12-0-7
20220517,4,롯데,38,20,17,1,0.541,5,4승0무6패,2패,7-1-11,13-0-6
20220517,5,키움,39,21,18,0,0.538,5,5승0무5패,4승,8-0-12,13-0-6
20220517,6,삼성,38,20,18,0,0.526,5.5,8승0무2패,1패,10-0-10,10-0-8
20220517,7,KIA,38,19,19,0,0.500,6.5,7승0무3패,1승,9-0-10,10-0-9
20220517,8,KT,38,17,21,0,0.447,8.5,4승0무6패,1승,8-0-12,9-0-9
20220517,9,한화,39,13,26,0,0.333,13,2승0무8패,2승,8-0-11,5-0-15
20220517,10,NC,39,12,27,0,0.308,14,3승0무7패,1패,5-0-13,7-0-14
20220518,1,SSG,40,26,12,2,0.684,0,5승1무4패,1승,13-0-5,13-2-7
20220518,2,LG,40,24,16,0,0.600,3,8승0무2패,1승,9-0-12,15-0-4
20220518,3,두산,38,20,17,1,0.541,5.5,4승1무5패,3패,8-1-10,12-0-7
20220518,4,삼성,39,21,18,0,0.538,5.5,8승0무2패,1승,10-0-10,11-0-8
20220518,5,롯데,39,20,18,1,0.526,6,4승0무6패,3패,7-1-12,13-0-6
20220518,6,키움,40,21,19,0,0.525,6,4승0무6패,1패,8-0-12,13-0-7
20220518,7,KIA,39,20,19,0,0.513,6.5,7승0무3패,2승,9-0-10,11-0-9
20220518,8,KT,39,17,22,0,0.436,9.5,3승0무7패,1패,8-0-13,9-0-9
20220518,9,NC,40,13,27,0,0.325,14,4승0무6패,1승,6-0-13,7-0-14
20220518,9,한화,40,13,27,0,0.325,14,2승0무8패,1패,8-0-12,5-0-15
20220519,1,SSG,41,27,12,2,0.692,0,5승1무4패,2승,13-0-5,14-2-7
20220519,2,LG,41,25,16,0,0.610,3,8승0무2패,2승,9-0-12,16-0-4
20220519,3,삼성,40,22,18,0,0.550,5.5,8승0무2패,2승,10-0-10,12-0-8
20220519,4,키움,41,22,19,0,0.537,6,5승0무5패,1승,8-0-12,14-0-7
20220519,5,두산,39,20,18,1,0.526,6.5,4승1무5패,4패,8-1-11,12-0-7
20220519,6,KIA,40,21,19,0,0.525,6.5,7승0무3패,3승,9-0-10,12-0-9
20220519,7,롯데,40,20,19,1,0.513,7,4승0무6패,4패,7-1-13,13-0-6
20220519,8,KT,40,17,23,0,0.425,10.5,3승0무7패,2패,8-0-14,9-0-9
20220519,9,NC,41,13,28,0,0.317,15,4승0무6패,1패,6-0-14,7-0-14
20220519,9,한화,41,13,28,0,0.317,15,2승0무8패,2패,8-0-13,5-0-15
20220520,1,SSG,42,28,12,2,0.700,0,5승1무4패,3승,14-0-5,14-2-7
20220520,2,LG,42,25,17,0,0.595,4,7승0무3패,1패,9-0-12,16-0-5
20220520,3,키움,42,23,19,0,0.548,6,6승0무4패,2승,9-0-12,14-0-7
20220520,4,삼성,41,22,19,0,0.537,6.5,7승0무3패,1패,10-0-11,12-0-8
20220520,4,KIA,41,22,19,0,0.537,6.5,7승0무3패,4승,10-0-10,12-0-9
20220520,6,롯데,41,21,19,1,0.525,7,5승0무5패,1승,7-1-13,14-0-6
20220520,7,두산,40,20,19,1,0.513,7.5,3승1무6패,5패,8-1-12,12-0-7
20220520,8,KT,41,18,23,0,0.439,10.5,3승0무7패,1승,8-0-14,10-0-9
20220520,9,NC,42,13,29,0,0.310,16,4승0무6패,2패,6-0-14,7-0-15
20220520,9,한화,42,13,29,0,0.310,16,2승0무8패,3패,8-0-13,5-0-16
20220521,1,SSG,43,28,13,2,0.683,0,4승1무5패,1패,14-0-6,14-2-7
20220521,2,LG,43,26,17,0,0.605,3,7승0무3패,1승,9-0-12,17-0-5
20220521,3,키움,43,24,19,0,0.558,5,7승0무3패,3승,10-0-12,14-0-7
20220521,4,두산,41,21,19,1,0.525,6.5,4승1무5패,1승,9-1-12,12-0-7
20220521,5,삼성,42,22,20,0,0.524,6.5,6승0무4패,2패,10-0-12,12-0-8
20220521,5,KIA,42,22,20,0,0.524,6.5,6승0무4패,1패,10-0-11,12-0-9
20220521,7,롯데,42,21,20,1,0.512,7,4승0무6패,1패,7-1-13,14-0-7
20220521,8,KT,42,19,23,0,0.452,9.5,4승0무6패,2승,8-0-14,11-0-9
20220521,9,NC,43,14,29,0,0.326,15,5승0무5패,1승,6-0-14,8-0-15
20220521,10,한화,43,13,30,0,0.302,16,2승0무8패,4패,8-0-13,5-0-17
20220522,1,SSG,44,29,13,2,0.690,0,5승1무4패,1승,15-0-6,14-2-7
20220522,2,LG,44,26,18,0,0.591,4,6승0무4패,1패,9-0-12,17-0-6
20220522,3,키움,44,24,20,0,0.545,6,7승0무3패,1패,10-0-13,14-0-7
20220522,4,삼성,43,23,20,0,0.535,6.5,7승0무3패,1승,11-0-12,12-0-8
20220522,4,KIA,43,23,20,0,0.535,6.5,7승0무3패,1승,11-0-11,12-0-9
20220522,6,롯데,43,22,20,1,0.524,7,4승0무6패,1승,7-1-13,15-0-7
20220522,7,두산,42,21,20,1,0.512,7.5,3승1무6패,1패,9-1-13,12-0-7
20220522,8,KT,43,19,24,0,0.442,10.5,3승0무7패,1패,8-0-14,11-0-10
20220522,9,NC,44,14,30,0,0.318,16,5승0무5패,1패,6-0-14,8-0-16
20220522,9,한화,44,14,30,0,0.318,16,3승0무7패,1승,8-0-13,6-0-17
20220524,1,SSG,45,30,13,2,0.698,0,6승1무3패,2승,16-0-6,14-2-7
20220524,2,LG,45,26,19,0,0.578,5,5승0무5패,2패,9-0-13,17-0-6
20220524,3,키움,45,25,20,0,0.556,6,8승0무2패,1승,10-0-13,15-0-7
20220524,4,KIA,44,24,20,0,0.545,6.5,7승0무3패,2승,11-0-11,13-0-9
20220524,5,삼성,44,23,21,0,0.523,7.5,6승0무4패,1패,11-0-13,12-0-8
20220524,6,롯데,44,22,21,1,0.512,8,4승0무6패,1패,7-1-13,15-0-8
20220524,7,두산,43,21,21,1,0.500,8.5,2승1무7패,2패,9-1-13,12-0-8
20220524,8,KT,44,19,25,0,0.432,11.5,3승0무7패,2패,8-0-14,11-0-11
20220524,9,NC,45,15,30,0,0.333,16,5승0무5패,1승,7-0-14,8-0-16
20220524,9,한화,45,15,30,0,0.333,16,4승0무6패,2승,9-0-13,6-0-17
20220525,1,SSG,46,31,13,2,0.705,0,7승1무2패,3승,17-0-6,14-2-7
20220525,2,LG,46,26,20,0,0.565,6,5승0무5패,3패,9-0-14,17-0-6
20220525,2,키움,46,26,20,0,0.565,6,8승0무2패,2승,10-0-13,16-0-7
20220525,4,KIA,45,25,20,0,0.556,6.5,7승0무3패,3승,11-0-11,14-0-9
20220525,5,삼성,45,23,22,0,0.511,8.5,5승0무5패,2패,11-0-14,12-0-8
20220525,6,롯데,45,22,22,1,0.500,9,3승0무7패,2패,7-1-13,15-0-9
20220525,7,두산,44,21,22,1,0.488,9.5,1승1무8패,3패,9-1-13,12-0-9
20220525,8,KT,45,20,25,0,0.444,11.5,4승0무6패,1승,8-0-14,12-0-11
20220525,9,한화,46,16,30,0,0.348,16,5승0무5패,3승,10-0-13,6-0-17
20220525,10,NC,46,15,31,0,0.326,17,4승0무6패,1패,7-0-15,8-0-16
20220526,1,SSG,47,32,13,2,0.711,0,7승1무2패,4승,18-0-6,14-2-7
20220526,2,키움,47,27,20,0,0.574,6,8승0무2패,3승,10-0-13,17-0-7
20220526,3,KIA,46,26,20,0,0.565,6.5,8승0무2패,4승,11-0-11,15-0-9
20220526,4,LG,47,26,21,0,0.553,7,4승0무6패,4패,9-0-15,17-0-6
20220526,5,두산,45,22,22,1,0.500,9.5,2승1무7패,1승,9-1-13,13-0-9
20220526,5,삼성,46,23,23,0,0.500,9.5,4승0무6패,3패,11-0-15,12-0-8
20220526,7,롯데,46,22,23,1,0.489,10,2승0무8패,3패,7-1-13,15-0-10
20220526,8,KT,46,21,25,0,0.457,11.5,5승0무5패,2승,8-0-14,13-0-11
20220526,9,한화,47,16,31,0,0.340,17,5승0무5패,1패,10-0-14,6-0-17
20220526,10,NC,47,15,32,0,0.319,18,4승0무6패,2패,7-0-16,8-0-16
20220527,1,SSG,48,33,13,2,0.717,0,8승1무1패,5승,18-0-6,15-2-7
20220527,2,키움,48,28,20,0,0.583,6,8승0무2패,4승,10-0-13,18-0-7
20220527,3,LG,48,27,21,0,0.563,7,4승0무6패,1승,10-0-15,17-0-6
20220527,4,KIA,47,26,21,0,0.553,7.5,8승0무2패,1패,11-0-12,15-0-9
20220527,5,두산,46,23,22,1,0.511,9.5,3승1무6패,2승,9-1-13,14-0-9
20220527,6,삼성,47,23,24,0,0.489,10.5,3승0무7패,4패,11-0-15,12-0-9
20220527,7,롯데,47,22,24,1,0.478,11,2승0무8패,4패,7-1-14,15-0-10
20220527,8,KT,47,21,26,0,0.447,12.5,5승0무5패,1패,8-0-15,13-0-11
20220527,9,한화,48,17,31,0,0.354,17,5승0무5패,1승,10-0-14,7-0-17
20220527,10,NC,48,15,33,0,0.313,19,3승0무7패,3패,7-0-17,8-0-16
20220528,1,SSG,49,33,14,2,0.702,0,8승0무2패,1패,18-0-6,15-2-8
20220528,2,키움,49,29,20,0,0.592,5,8승0무2패,5승,10-0-13,19-0-7
20220528,3,LG,49,28,21,0,0.571,6,5승0무5패,2승,11-0-15,17-0-6
20220528,4,KIA,48,27,21,0,0.563,6.5,8승0무2패,1승,12-0-12,15-0-9
20220528,5,두산,47,23,23,1,0.500,9.5,3승0무7패,1패,9-1-13,14-0-10
20220528,6,삼성,48,23,25,0,0.479,10.5,3승0무7패,5패,11-0-15,12-0-10
20220528,7,롯데,48,22,25,1,0.468,11,2승0무8패,5패,7-1-15,15-0-10
20220528,8,KT,48,21,27,0,0.438,12.5,4승0무6패,2패,8-0-16,13-0-11
20220528,9,한화,49,18,31,0,0.367,16,5승0무5패,2승,10-0-14,8-0-17
20220528,10,NC,49,16,33,0,0.327,18,4승0무6패,1승,8-0-17,8-0-16
20220529,1,SSG,50,34,14,2,0.708,0,8승0무2패,1승,18-0-6,16-2-8
20220529,2,키움,50,30,20,0,0.600,5,9승0무1패,6승,10-0-13,20-0-7
20220529,3,LG,50,28,22,0,0.560,7,4승0무6패,1패,11-0-16,17-0-6
20220529,4,KIA,49,27,22,0,0.551,7.5,7승0무3패,1패,12-0-13,15-0-9
20220529,5,두산,48,24,23,1,0.511,9.5,4승0무6패,1승,9-1-13,15-0-10
20220529,6,삼성,49,24,25,0,0.490,10.5,3승0무7패,1승,11-0-15,13-0-10
20220529,7,롯데,49,22,26,1,0.458,12,2승0무8패,6패,7-1-16,15-0-10
20220529,8,KT,49,21,28,0,0.429,13.5,4승0무6패,3패,8-0-17,13-0-11
20220529,9,한화,50,19,31,0,0.380,16,6승0무4패,3승,10-0-14,9-0-17
20220529,10,NC,50,16,34,0,0.320,19,3승0무7패,1패,8-0-18,8-0-16
20220531,1,SSG,51,34,15,2,0.694,0,7승0무3패,1패,18-0-7,16-2-8
20220531,2,키움,51,31,20,0,0.608,4,9승0무1패,7승,11-0-13,20-0-7
20220531,3,KIA,50,28,22,0,0.560,6.5,7승0무3패,1승,12-0-13,16-0-9
20220531,4,LG,51,28,23,0,0.549,7,3승0무7패,2패,11-0-16,17-0-7
20220531,5,두산,49,24,24,1,0.500,9.5,4승0무6패,1패,9-1-14,15-0-10
20220531,6,삼성,50,24,26,0,0.480,10.5,2승0무8패,1패,11-0-15,13-0-11
20220531,7,롯데,50,23,26,1,0.469,11,3승0무7패,1승,8-1-16,15-0-10
20220531,8,KT,50,22,28,0,0.440,12.5,5승0무5패,1승,8-0-17,14-0-11
20220531,9,한화,51,19,32,0,0.373,16,6승0무4패,1패,10-0-15,9-0-17
20220531,10,NC,51,17,34,0,0.333,18,4승0무6패,1승,8-0-18,9-0-16
20220601,1,SSG,52,35,15,2,0.700,0,7승0무3패,1승,19-0-7,16-2-8
20220601,2,키움,52,31,21,0,0.596,5,8승0무2패,1패,11-0-14,20-0-7
20220601,3,KIA,51,29,22,0,0.569,6.5,7승0무3패,2승,12-0-13,17-0-9
20220601,4,LG,52,29,23,0,0.558,7,4승0무6패,1승,11-0-16,18-0-7
20220601,5,삼성,51,25,26,0,0.490,10.5,3승0무7패,1승,11-0-15,14-0-11
20220601,6,두산,50,24,25,1,0.490,10.5,4승0무6패,2패,9-1-15,15-0-10
20220601,7,롯데,51,23,27,1,0.460,12,2승0무8패,1패,8-1-17,15-0-10
20220601,8,KT,51,22,29,0,0.431,13.5,4승0무6패,1패,8-0-17,14-0-12
20220601,9,한화,52,20,32,0,0.385,16,7승0무3패,1승,11-0-15,9-0-17
20220601,10,NC,52,17,35,0,0.327,19,4승0무6패,1패,8-0-18,9-0-17
20220602,1,SSG,53,35,16,2,0.686,0,7승0무3패,1패,19-0-8,16-2-8
20220602,2,키움,53,32,21,0,0.604,4,8승0무2패,1승,12-0-14,20-0-7
20220602,3,KIA,52,30,22,0,0.577,5.5,8승0무2패,3승,12-0-13,18-0-9
20220602,4,LG,53,29,23,1,0.558,6.5,3승1무6패,1승,11-0-16,18-1-7
20220602,5,삼성,52,25,27,0,0.481,10.5,3승0무7패,1패,11-0-15,14-0-12
20220602,6,두산,51,24,26,1,0.480,10.5,3승0무7패,3패,9-1-16,15-0-10
20220602,7,롯데,52,23,27,2,0.460,11.5,2승1무7패,1패,8-2-17,15-0-10
20220602,8,KT,52,23,29,0,0.442,12.5,4승0무6패,1승,8-0-17,15-0-12
20220602,9,한화,53,20,33,0,0.377,16,7승0무3패,1패,11-0-16,9-0-17
20220602,10,NC,53,18,35,0,0.340,18,4승0무6패,1승,8-0-18,10-0-17
20220603,1,SSG,54,35,17,2,0.673,0,6승0무4패,2패,19-0-8,16-2-9
20220603,2,키움,54,32,22,0,0.593,4,8승0무2패,1패,12-0-14,20-0-8
20220603,3,LG,54,30,23,1,0.566,5.5,4승1무5패,2승,12-0-16,18-1-7
20220603,3,KIA,53,30,23,0,0.566,5.5,7승0무3패,1패,12-0-13,18-0-10
20220603,5,삼성,53,26,27,0,0.491,9.5,3승0무7패,1승,12-0-15,14-0-12
20220603,6,두산,52,24,27,1,0.471,10.5,3승0무7패,4패,9-1-16,15-0-11
20220603,7,KT,53,24,29,0,0.453,11.5,5승0무5패,2승,9-0-17,15-0-12
20220603,8,롯데,53,23,28,2,0.451,11.5,1승1무8패,2패,8-2-17,15-0-11
20220603,9,한화,54,21,33,0,0.389,15,7승0무3패,1승,12-0-16,9-0-17
20220603,10,NC,54,19,35,0,0.352,17,5승0무5패,2승,9-0-18,10-0-17
20220604,1,SSG,55,35,18,2,0.660,0,5승0무5패,3패,19-0-8,16-2-10
20220604,2,키움,55,33,22,0,0.600,3,8승0무2패,1승,12-0-14,21-0-8
20220604,3,LG,55,31,23,1,0.574,4.5,5승1무4패,3승,13-0-16,18-1-7
20220604,4,KIA,54,30,24,0,0.556,5.5,6승0무4패,2패,12-0-13,18-0-11
20220604,5,삼성,54,26,28,0,0.481,9.5,3승0무7패,1패,12-0-16,14-0-12
20220604,6,두산,53,25,27,1,0.481,9.5,4승0무6패,1승,9-1-16,16-0-11
20220604,7,KT,54,25,29,0,0.463,10.5,6승0무4패,3승,10-0-17,15-0-12
20220604,8,롯데,54,24,28,2,0.462,10.5,2승1무7패,1승,8-2-17,16-0-11
20220604,9,한화,55,21,34,0,0.382,15,6승0무4패,1패,12-0-17,9-0-17
20220604,10,NC,55,19,36,0,0.345,17,4승0무6패,1패,9-0-19,10-0-17
20220605,1,SSG,56,36,18,2,0.667,0,5승0무5패,1승,19-0-8,17-2-10
20220605,2,키움,55,33,22,0,0.600,3.5,8승0무2패,1승,12-0-14,21-0-8
20220605,3,LG,56,31,24,1,0.564,5.5,5승1무4패,1패,13-0-17,18-1-7
20220605,4,KIA,55,30,24,1,0.556,6,5승1무4패,2패,12-0-13,18-1-11
20220605,5,삼성,54,26,28,0,0.481,10,3승0무7패,1패,12-0-16,14-0-12
20220605,6,두산,53,25,27,1,0.481,10,4승0무6패,1승,9-1-16,16-0-11
20220605,7,KT,55,25,29,1,0.463,11,5승1무4패,3승,10-1-17,15-0-12
20220605,8,롯데,54,24,28,2,0.462,11,2승1무7패,1승,8-2-17,16-0-11
20220605,9,한화,55,21,34,0,0.382,15.5,6승0무4패,1패,12-0-17,9-0-17
20220605,10,NC,55,19,36,0,0.345,17.5,4승0무6패,1패,9-0-19,10-0-17
20220607,1,SSG,57,36,19,2,0.655,0,4승0무6패,1패,19-0-8,17-2-11
20220607,2,키움,56,34,22,0,0.607,2.5,8승0무2패,2승,13-0-14,21-0-8
20220607,3,LG,56,31,24,1,0.564,5,5승1무4패,1패,13-0-17,18-1-7
20220607,4,KIA,55,30,24,1,0.556,5.5,5승1무4패,2패,12-0-13,18-1-11
20220607,5,삼성,55,27,28,0,0.491,9,4승0무6패,1승,12-0-16,15-0-12
20220607,6,두산,54,26,27,1,0.491,9,5승0무5패,2승,10-1-16,16-0-11
20220607,7,KT,56,25,30,1,0.455,11,4승1무5패,1패,10-1-17,15-0-13
20220607,8,롯데,55,24,29,2,0.453,11,2승1무7패,1패,8-2-18,16-0-11
20220607,9,한화,56,21,35,0,0.375,15.5,5승0무5패,2패,12-0-17,9-0-18
20220607,10,NC,56,20,36,0,0.357,16.5,5승0무5패,1승,10-0-19,10-0-17
20220608,1,SSG,58,36,19,3,0.655,0,3승1무6패,1패,19-0-8,17-3-11
20220608,2,키움,57,34,22,1,0.607,2.5,7승1무2패,2승,13-1-14,21-0-8
20220608,3,LG,57,32,24,1,0.571,4.5,6승1무3패,1승,13-0-17,19-1-7
20220608,4,KIA,56,30,25,1,0.545,6,4승1무5패,3패,12-0-14,18-1-11
20220608,5,삼성,56,28,28,0,0.500,8.5,5승0무5패,2승,12-0-16,16-0-12
20220608,6,두산,55,26,28,1,0.481,9.5,4승0무6패,1패,10-1-17,16-0-11
20220608,7,KT,57,25,30,2,0.455,11,4승2무4패,1패,10-1-17,15-1-13
20220608,8,롯데,56,24,30,2,0.444,11.5,2승1무7패,2패,8-2-19,16-0-11
20220608,9,한화,57,22,35,0,0.386,15,6승0무4패,1승,12-0-17,10-0-18
20220608,10,NC,57,20,36,1,0.357,16.5,5승1무4패,1승,10-1-19,10-0-17
20220609,1,SSG,59,36,20,3,0.643,0,3승1무6패,2패,19-0-8,17-3-12
20220609,2,키움,58,34,23,1,0.596,2.5,6승1무3패,1패,13-1-15,21-0-8
20220609,3,LG,58,32,25,1,0.561,4.5,5승1무4패,1패,13-0-17,19-1-8
20220609,4,KIA,57,31,25,1,0.554,5,5승1무4패,1승,13-0-14,18-1-11
20220609,5,삼성,57,28,29,0,0.491,8.5,5승0무5패,1패,12-0-16,16-0-13
20220609,6,두산,56,27,28,1,0.491,8.5,4승0무6패,1승,11-1-17,16-0-11
20220609,7,KT,58,26,30,2,0.464,10,5승2무3패,1승,10-1-17,16-1-13
20220609,8,롯데,57,25,30,2,0.455,10.5,3승1무6패,1승,9-2-19,16-0-11
20220609,9,한화,58,22,36,0,0.379,15,5승0무5패,1패,12-0-17,10-0-19
20220609,10,NC,58,21,36,1,0.368,15.5,6승1무3패,2승,11-1-19,10-0-17
20220610,1,SSG,60,37,20,3,0.649,0,3승1무6패,1승,20-0-8,17-3-12
20220610,2,키움,59,35,23,1,0.603,2.5,6승1무3패,1승,13-1-15,22-0-8
20220610,3,LG,59,33,25,1,0.569,4.5,5승1무4패,1승,14-0-17,19-1-8
20220610,4,KIA,58,31,26,1,0.544,6,4승1무5패,1패,13-0-15,18-1-11
20220610,5,삼성,58,28,30,0,0.483,9.5,5승0무5패,2패,12-0-17,16-0-13
20220610,6,두산,57,27,29,1,0.482,9.5,4승0무6패,1패,11-1-17,16-0-12
20220610,7,KT,59,27,30,2,0.474,10,6승2무2패,2승,10-1-17,17-1-13
20220610,8,롯데,58,25,31,2,0.446,11.5,3승1무6패,1패,9-2-20,16-0-11
20220610,9,NC,59,22,36,1,0.379,15.5,6승1무3패,3승,11-1-19,11-0-17
20220610,10,한화,59,22,37,0,0.373,16,4승0무6패,2패,12-0-17,10-0-20
20220611,1,SSG,61,38,20,3,0.655,0,4승1무5패,2승,21-0-8,17-3-12
20220611,2,키움,60,35,24,1,0.593,3.5,5승1무4패,1패,13-1-15,22-0-9
20220611,3,LG,60,33,26,1,0.559,5.5,5승1무4패,1패,14-0-18,19-1-8
20220611,4,KIA,59,32,26,1,0.552,6,5승1무4패,1승,14-0-15,18-1-11
20220611,5,두산,58,28,29,1,0.491,9.5,4승0무6패,1승,11-1-17,17-0-12
20220611,6,KT,60,28,30,2,0.483,10,6승2무2패,3승,10-1-17,18-1-13
20220611,7,삼성,59,28,31,0,0.475,10.5,4승0무6패,3패,12-0-18,16-0-13
20220611,8,롯데,59,25,32,2,0.439,12.5,3승1무6패,2패,9-2-21,16-0-11
20220611,9,NC,60,23,36,1,0.390,15.5,7승1무2패,4승,11-1-19,12-0-17
20220611,10,한화,60,22,38,0,0.367,17,3승0무7패,3패,12-0-17,10-0-21
20220612,1,SSG,62,39,20,3,0.661,0,4승1무5패,3승,22-0-8,17-3-12
20220612,2,키움,61,36,24,1,0.600,3.5,5승1무4패,1승,13-1-15,23-0-9
20220612,3,LG,61,34,26,1,0.567,5.5,6승1무3패,1승,15-0-18,19-1-8
20220612,4,KIA,60,32,27,1,0.542,7,4승1무5패,1패,14-0-16,18-1-11
20220612,5,삼성,60,29,31,0,0.483,10.5,5승0무5패,1승,13-0-18,16-0-13
20220612,6,두산,59,28,30,1,0.483,10.5,4승0무6패,1패,11-1-17,17-0-13
20220612,7,KT,61,28,31,2,0.475,11,6승2무2패,1패,10-1-17,18-1-14
20220612,8,롯데,60,26,32,2,0.448,12.5,3승1무6패,1승,10-2-21,16-0-11
20220612,9,NC,61,23,37,1,0.383,16.5,6승1무3패,1패,11-1-19,12-0-18
20220612,10,한화,61,22,39,0,0.361,18,3승0무7패,4패,12-0-17,10-0-22
20220614,1,SSG,63,39,21,3,0.650,0,4승1무5패,1패,22-0-8,17-3-13
20220614,2,키움,62,37,24,1,0.607,2.5,6승1무3패,2승,14-1-15,23-0-9
20220614,3,LG,62,35,26,1,0.574,4.5,6승1무3패,2승,16-0-18,19-1-8
20220614,4,KIA,60,32,27,1,0.542,6.5,4승1무5패,1패,14-0-16,18-1-11
20220614,5,KT,62,29,31,2,0.483,10,6승2무2패,1승,11-1-17,18-1-14
20220614,6,삼성,61,29,32,0,0.475,10.5,4승0무6패,1패,13-0-18,16-0-14
20220614,7,두산,60,28,31,1,0.475,10.5,4승0무6패,2패,11-1-17,17-0-14
20220614,8,롯데,60,26,32,2,0.448,12,3승1무6패,1승,10-2-21,16-0-11
20220614,9,NC,61,23,37,1,0.383,16,6승1무3패,1패,11-1-19,12-0-18
20220614,10,한화,61,22,39,0,0.361,17.5,3승0무7패,4패,12-0-17,10-0-22
20220615,1,SSG,64,39,22,3,0.639,0,4승1무5패,2패,22-0-8,17-3-14
20220615,2,키움,63,37,25,1,0.597,2.5,5승1무4패,1패,14-1-16,23-0-9
20220615,3,LG,63,35,27,1,0.565,4.5,6승0무4패,1패,16-0-19,19-1-8
20220615,4,KIA,61,32,28,1,0.533,6.5,3승1무6패,2패,14-0-16,18-1-12
20220615,5,KT,63,30,31,2,0.492,9,6승2무2패,2승,12-1-17,18-1-14
20220615,6,삼성,62,30,32,0,0.484,9.5,5승0무5패,1승,13-0-18,17-0-14
20220615,7,두산,61,29,31,1,0.483,9.5,5승0무5패,1승,11-1-17,18-0-14
20220615,8,롯데,61,27,32,2,0.458,11,4승1무5패,2승,10-2-21,17-0-11
20220615,9,NC,62,24,37,1,0.393,15,7승1무2패,1승,12-1-19,12-0-18
20220615,10,한화,62,22,40,0,0.355,17.5,2승0무8패,5패,12-0-18,10-0-22
20220616,1,SSG,65,40,22,3,0.645,0,5승1무4패,1승,22-0-8,18-3-14
20220616,2,키움,64,38,25,1,0.603,2.5,6승1무3패,1승,15-1-16,23-0-9
20220616,3,LG,64,36,27,1,0.571,4.5,6승0무4패,1승,17-0-19,19-1-8
20220616,4,KIA,62,33,28,1,0.541,6.5,3승1무6패,1승,14-0-16,19-1-12
20220616,5,KT,64,30,32,2,0.484,10,5승2무3패,1패,12-1-18,18-1-14
20220616,6,삼성,63,30,33,0,0.476,10.5,4승0무6패,1패,13-0-18,17-0-15
20220616,7,두산,62,29,32,1,0.475,10.5,5승0무5패,1패,11-1-17,18-0-15
20220616,8,롯데,62,28,32,2,0.467,11,5승0무5패,3승,10-2-21,18-0-11
20220616,9,NC,63,24,38,1,0.387,16,6승1무3패,1패,12-1-20,12-0-18
20220616,10,한화,63,22,41,0,0.349,18.5,2승0무8패,6패,12-0-19,10-0-22
20220617,1,SSG,66,41,22,3,0.651,0,5승1무4패,2승,22-0-8,19-3-14
20220617,2,키움,65,38,26,1,0.594,3.5,5승1무4패,1패,15-1-17,23-0-9
20220617,3,LG,65,37,27,1,0.578,4.5,6승0무4패,2승,17-0-19,20-1-8
20220617,4,KIA,63,34,28,1,0.548,6.5,4승1무5패,2승,15-0-16,19-1-12
20220617,5,KT,65,31,32,2,0.492,10,6승1무3패,1승,12-1-18,19-1-14
20220617,6,삼성,64,30,34,0,0.469,11.5,4승0무6패,2패,13-0-18,17-0-16
20220617,7,두산,63,29,33,1,0.468,11.5,4승0무6패,2패,11-1-18,18-0-15
20220617,8,롯데,63,28,33,2,0.459,12,5승0무5패,1패,10-2-22,18-0-11
20220617,9,NC,64,24,38,2,0.387,16.5,5승2무3패,1패,12-2-20,12-0-18
20220617,10,한화,64,22,41,1,0.349,19,1승1무8패,6패,12-0-19,10-1-22
20220618,1,SSG,67,42,22,3,0.656,0,6승1무3패,3승,22-0-8,20-3-14
20220618,2,키움,66,39,26,1,0.600,3.5,5승1무4패,1승,16-1-17,23-0-9
20220618,3,LG,66,37,28,1,0.569,5.5,6승0무4패,1패,17-0-19,20-1-9
20220618,4,KIA,64,34,29,1,0.540,7.5,4승1무5패,1패,15-0-17,19-1-12
20220618,5,KT,66,31,33,2,0.484,11,6승1무3패,1패,12-1-18,19-1-15
20220618,6,삼성,65,31,34,0,0.477,11.5,4승0무6패,1승,13-0-18,18-0-16
20220618,7,두산,64,30,33,1,0.476,11.5,4승0무6패,1승,12-1-18,18-0-15
20220618,8,롯데,64,28,34,2,0.452,13,4승0무6패,2패,10-2-23,18-0-11
20220618,9,NC,65,25,38,2,0.397,16.5,6승2무2패,1승,13-2-20,12-0-18
20220618,10,한화,65,22,42,1,0.344,20,1승1무8패,7패,12-0-19,10-1-23
20220619,1,SSG,68,42,23,3,0.646,0,6승0무4패,1패,22-0-8,20-3-15
20220619,2,키움,67,39,27,1,0.591,3.5,5승0무5패,1패,16-1-18,23-0-9
20220619,3,LG,67,38,28,1,0.576,4.5,6승0무4패,1승,17-0-19,21-1-9
20220619,4,KIA,65,34,30,1,0.531,7.5,4승0무6패,2패,15-0-18,19-1-12
20220619,5,KT,67,32,33,2,0.492,10,7승0무3패,1승,12-1-18,20-1-15
20220619,6,삼성,66,32,34,0,0.485,10.5,4승0무6패,2승,13-0-18,19-0-16
20220619,7,두산,65,30,34,1,0.469,11.5,4승0무6패,1패,12-1-19,18-0-15
20220619,8,롯데,65,29,34,2,0.460,12,5승0무5패,1승,11-2-23,18-0-11
20220619,9,NC,66,26,38,2,0.406,15.5,6승2무2패,2승,14-2-20,12-0-18
20220619,10,한화,66,22,43,1,0.338,20,1승1무8패,8패,12-0-19,10-1-24
20220621,1,SSG,69,42,24,3,0.636,0,6승0무4패,2패,22-0-9,20-3-15
20220621,2,키움,68,40,27,1,0.597,2.5,6승0무4패,1승,16-1-18,24-0-9
20220621,3,LG,68,39,28,1,0.582,3.5,7승0무3패,2승,18-0-19,21-1-9
20220621,4,KIA,66,35,30,1,0.538,6.5,5승0무5패,1승,16-0-18,19-1-12
20220621,5,KT,68,33,33,2,0.500,9,7승0무3패,2승,13-1-18,20-1-15
20220621,6,삼성,67,32,35,0,0.478,10.5,4승0무6패,1패,13-0-19,19-0-16
20220621,7,두산,66,31,34,1,0.477,10.5,4승0무6패,1승,12-1-19,19-0-15
20220621,8,롯데,66,29,35,2,0.453,12,5승0무5패,1패,11-2-23,18-0-12
20220621,9,NC,67,26,39,2,0.400,15.5,6승1무3패,1패,14-2-20,12-0-19
20220621,10,한화,67,22,44,1,0.333,20,0승1무9패,9패,12-0-19,10-1-25
20220622,1,SSG,70,43,24,3,0.642,0,6승0무4패,1승,23-0-9,20-3-15
20220622,2,키움,69,41,27,1,0.603,2.5,6승0무4패,2승,16-1-18,25-0-9
20220622,3,LG,69,40,28,1,0.588,3.5,7승0무3패,3승,19-0-19,21-1-9
20220622,4,KIA,67,35,31,1,0.530,7.5,4승0무6패,1패,16-0-19,19-1-12
20220622,5,KT,69,33,34,2,0.493,10,6승0무4패,1패,13-1-19,20-1-15
20220622,6,삼성,68,32,36,0,0.471,11.5,4승0무6패,2패,13-0-20,19-0-16
20220622,7,두산,67,31,35,1,0.470,11.5,4승0무6패,1패,12-1-19,19-0-16
20220622,8,롯데,67,30,35,2,0.462,12,5승0무5패,1승,11-2-23,19-0-12
20220622,9,NC,68,27,39,2,0.409,15.5,6승1무3패,1승,14-2-20,13-0-19
20220622,10,한화,68,22,45,1,0.328,21,0승1무9패,10패,12-0-19,10-1-26
20220623,1,SSG,70,43,24,3,0.642,0,6승0무4패,1승,23-0-9,20-3-15
20220623,2,키움,70,42,27,1,0.609,2,7승0무3패,3승,16-1-18,26-0-9
20220623,3,LG,69,40,28,1,0.588,3.5,7승0무3패,3승,19-0-19,21-1-9
20220623,4,KIA,68,36,31,1,0.537,7,5승0무5패,1승,17-0-19,19-1-12
20220623,5,KT,69,33,34,2,0.493,10,6승0무4패,1패,13-1-19,20-1-15
20220623,6,두산,67,31,35,1,0.470,11.5,4승0무6패,1패,12-1-19,19-0-16
20220623,7,삼성,69,32,37,0,0.464,12,4승0무6패,3패,13-0-21,19-0-16
20220623,8,롯데,68,30,36,2,0.455,12.5,5승0무5패,1패,11-2-23,19-0-13
20220623,9,NC,68,27,39,2,0.409,15.5,6승1무3패,1승,14-2-20,13-0-19
20220623,10,한화,68,22,45,1,0.328,21,0승1무9패,10패,12-0-19,10-1-26
20220624,1,SSG,71,44,24,3,0.647,0,6승0무4패,2승,24-0-9,20-3-15
20220624,2,키움,71,42,28,1,0.600,3,6승0무4패,1패,16-1-18,26-0-10
20220624,3,LG,70,40,29,1,0.580,4.5,7승0무3패,1패,19-0-19,21-1-10
20220624,4,KIA,69,37,31,1,0.544,7,5승0무5패,2승,17-0-19,20-1-12
20220624,5,KT,70,34,34,2,0.500,10,6승0무4패,1승,14-1-19,20-1-15
20220624,6,두산,68,31,36,1,0.463,12.5,3승0무7패,2패,12-1-20,19-0-16
20220624,6,롯데,69,31,36,2,0.463,12.5,6승0무4패,1승,12-2-23,19-0-13
20220624,8,삼성,70,32,38,0,0.457,13,3승0무7패,4패,13-0-21,19-0-17
20220624,9,NC,69,27,40,2,0.403,16.5,5승1무4패,1패,14-2-20,13-0-20
20220624,10,한화,69,23,45,1,0.338,21,1승1무8패,1승,13-0-19,10-1-26
20220625,1,SSG,72,45,24,3,0.652,0,6승0무4패,3승,25-0-9,20-3-15
20220625,2,키움,72,43,28,1,0.606,3,6승0무4패,1승,16-1-18,27-0-10
20220625,3,LG,71,41,29,1,0.586,4.5,7승0무3패,1승,19-0-19,22-1-10
20220625,4,KIA,70,38,31,1,0.551,7,6승0무4패,3승,17-0-19,21-1-12
20220625,5,KT,71,34,35,2,0.493,11,6승0무4패,1패,14-1-20,20-1-15
20220625,6,삼성,71,33,38,0,0.465,13,4승0무6패,1승,13-0-21,20-0-17
20220625,7,두산,69,31,37,1,0.456,13.5,3승0무7패,3패,12-1-21,19-0-16
20220625,7,롯데,70,31,37,2,0.456,13.5,5승0무5패,1패,12-2-24,19-0-13
20220625,9,NC,70,27,41,2,0.397,17.5,4승1무5패,2패,14-2-20,13-0-21
20220625,10,한화,70,23,46,1,0.333,22,1승1무8패,1패,13-0-20,10-1-26
20220626,1,SSG,73,46,24,3,0.657,0,7승0무3패,4승,26-0-9,20-3-15
20220626,2,키움,73,44,28,1,0.611,3,7승0무3패,2승,16-1-18,28-0-10
20220626,3,LG,72,42,29,1,0.592,4.5,7승0무3패,2승,19-0-19,23-1-10
20220626,4,KIA,71,38,32,1,0.543,8,6승0무4패,1패,17-0-19,21-1-13
20220626,5,KT,72,34,36,2,0.486,12,5승0무5패,2패,14-1-21,20-1-15
20220626,6,삼성,72,34,38,0,0.472,13,4승0무6패,2승,13-0-21,21-0-17
20220626,7,두산,70,32,37,1,0.464,13.5,4승0무6패,1승,13-1-21,19-0-16
20220626,8,롯데,71,31,38,2,0.449,14.5,4승0무6패,2패,12-2-25,19-0-13
20220626,9,NC,71,27,42,2,0.391,18.5,4승1무5패,3패,14-2-20,13-0-22
20220626,10,한화,71,23,47,1,0.329,23,1승1무8패,2패,13-0-21,10-1-26
20220628,1,SSG,74,46,25,3,0.648,0,7승0무3패,1패,26-0-9,20-3-16
20220628,2,키움,74,45,28,1,0.616,2,7승0무3패,3승,17-1-18,28-0-10
20220628,3,LG,73,43,29,1,0.597,3.5,8승0무2패,3승,20-0-19,23-1-10
20220628,4,KIA,72,38,33,1,0.535,8,5승0무5패,2패,17-0-19,21-1-14
20220628,5,KT,73,35,36,2,0.493,11,5승0무5패,1승,14-1-21,21-1-15
20220628,6,삼성,73,34,39,0,0.466,13,4승0무6패,1패,13-0-22,21-0-17
20220628,7,두산,71,32,37,2,0.464,13,3승1무6패,1승,13-1-21,19-1-16
20220628,8,롯데,72,31,38,3,0.449,14,3승1무6패,2패,12-3-25,19-0-13
20220628,9,NC,72,27,43,2,0.386,18.5,3승1무6패,4패,14-2-20,13-0-23
20220628,10,한화,72,24,47,1,0.338,22,2승1무7패,1승,14-0-21,10-1-26
20220629,1,SSG,75,47,25,3,0.653,0,7승0무3패,1승,26-0-9,21-3-16
20220629,2,키움,75,46,28,1,0.622,2,8승0무2패,4승,18-1-18,28-0-10
20220629,3,LG,73,43,29,1,0.597,4,8승0무2패,3승,20-0-19,23-1-10
20220629,4,KIA,73,38,34,1,0.528,9,4승0무6패,3패,17-0-19,21-1-15
20220629,5,KT,74,35,37,2,0.486,12,5승0무5패,1패,14-1-21,21-1-16
20220629,6,삼성,74,35,39,0,0.473,13,5승0무5패,1승,14-0-22,21-0-17
20220629,7,두산,71,32,37,2,0.464,13.5,3승1무6패,1승,13-1-21,19-1-16
20220629,8,롯데,72,31,38,3,0.449,14.5,3승1무6패,2패,12-3-25,19-0-13
20220629,9,NC,72,27,43,2,0.386,19,3승1무6패,4패,14-2-20,13-0-23
20220629,10,한화,73,24,48,1,0.333,23,2승1무7패,1패,14-0-22,10-1-26
20220630,1,SSG,75,47,25,3,0.653,0,7승0무3패,1승,26-0-9,21-3-16
20220630,2,키움,76,47,28,1,0.627,1.5,8승0무2패,5승,19-1-18,28-0-10
20220630,3,LG,73,43,29,1,0.597,4,8승0무2패,3승,20-0-19,23-1-10
20220630,4,KIA,74,38,35,1,0.521,9.5,4승0무6패,4패,17-0-19,21-1-16
20220630,5,KT,75,36,37,2,0.493,11.5,5승0무5패,1승,14-1-21,22-1-16
20220630,6,삼성,75,35,40,0,0.467,13.5,4승0무6패,1패,14-0-23,21-0-17
20220630,7,두산,72,32,38,2,0.457,14,3승1무6패,1패,13-1-21,19-1-17
20220630,7,롯데,73,32,38,3,0.457,14,4승1무5패,1승,13-3-25,19-0-13
20220630,9,NC,72,27,43,2,0.386,19,3승1무6패,4패,14-2-20,13-0-23
20220630,10,한화,73,24,48,1,0.333,23,2승1무7패,1패,14-0-22,10-1-26
20220701,1,SSG,76,48,25,3,0.658,0,7승0무3패,2승,27-0-9,21-3-16
20220701,2,키움,77,48,28,1,0.632,1.5,9승0무1패,6승,20-1-18,28-0-10
20220701,3,LG,74,44,29,1,0.603,4,8승0무2패,4승,21-0-19,23-1-10
20220701,4,KIA,75,38,36,1,0.514,10.5,4승0무6패,5패,17-0-19,21-1-17
20220701,5,KT,76,37,37,2,0.500,11.5,6승0무4패,2승,15-1-21,22-1-16
20220701,6,삼성,75,35,40,0,0.467,14,4승0무6패,1패,14-0-23,21-0-17
20220701,7,두산,73,32,39,2,0.451,15,3승1무6패,2패,13-1-21,19-1-18
20220701,7,롯데,74,32,39,3,0.451,15,4승1무5패,1패,13-3-25,19-0-14
20220701,9,NC,72,27,43,2,0.386,19.5,3승1무6패,4패,14-2-20,13-0-23
20220701,10,한화,74,24,49,1,0.329,24,2승0무8패,2패,14-0-22,10-1-27
20220702,1,SSG,77,49,25,3,0.662,0,7승0무3패,3승,28-0-9,21-3-16
20220702,2,키움,78,49,28,1,0.636,1.5,9승0무1패,7승,21-1-18,28-0-10
20220702,3,LG,75,44,30,1,0.595,5,7승0무3패,1패,21-0-20,23-1-10
20220702,4,KT,77,38,37,2,0.507,11.5,6승0무4패,3승,16-1-21,22-1-16
20220702,4,KIA,76,38,37,1,0.507,11.5,3승0무7패,6패,17-0-19,21-1-18
20220702,6,삼성,76,35,41,0,0.461,15,3승0무7패,2패,14-0-23,21-0-18
20220702,7,롯데,75,33,39,3,0.458,15,4승1무5패,1승,13-3-25,20-0-14
20220702,8,두산,74,32,40,2,0.444,16,2승1무7패,3패,13-1-21,19-1-19
20220702,9,NC,73,28,43,2,0.394,19.5,4승1무5패,1승,15-2-20,13-0-23
20220702,10,한화,75,24,50,1,0.324,25,2승0무8패,3패,14-0-22,10-1-28
20220703,1,SSG,78,50,25,3,0.667,0,8승0무2패,4승,29-0-9,21-3-16
20220703,2,키움,79,50,28,1,0.641,1.5,9승0무1패,8승,22-1-18,28-0-10
20220703,3,LG,76,45,30,1,0.600,5,8승0무2패,1승,22-0-20,23-1-10
20220703,4,KT,78,39,37,2,0.513,11.5,6승0무4패,4승,17-1-21,22-1-16
20220703,5,KIA,77,38,38,1,0.500,12.5,3승0무7패,7패,17-0-19,21-1-19
20220703,6,삼성,77,35,42,0,0.455,16,3승0무7패,3패,14-0-23,21-0-19
20220703,7,롯데,76,33,40,3,0.452,16,4승1무5패,1패,13-3-25,20-0-15
20220703,8,두산,75,32,41,2,0.438,17,2승1무7패,4패,13-1-21,19-1-20
20220703,9,NC,74,29,43,2,0.403,19.5,5승0무5패,2승,16-2-20,13-0-23
20220703,10,한화,76,24,51,1,0.320,26,2승0무8패,4패,14-0-22,10-1-29
20220705,1,SSG,79,51,25,3,0.671,0,9승0무1패,5승,30-0-9,21-3-16
20220705,2,키움,80,51,28,1,0.646,1.5,9승0무1패,9승,22-1-18,29-0-10
20220705,3,LG,77,46,30,1,0.605,5,8승0무2패,2승,22-0-20,24-1-10
20220705,4,KT,78,39,37,2,0.513,12,6승0무4패,4승,17-1-21,22-1-16
20220705,5,KIA,77,38,38,1,0.500,13,3승0무7패,7패,17-0-19,21-1-19
20220705,6,삼성,78,35,43,0,0.449,17,3승0무7패,4패,14-0-24,21-0-19
20220705,7,롯데,77,33,41,3,0.446,17,3승1무6패,2패,13-3-25,20-0-16
20220705,8,두산,76,32,42,2,0.432,18,1승1무8패,5패,13-1-22,19-1-20
20220705,9,NC,75,30,43,2,0.411,19.5,5승0무5패,3승,16-2-20,14-0-23
20220705,10,한화,77,24,52,1,0.316,27,2승0무8패,5패,14-0-23,10-1-29
20220706,1,SSG,80,51,26,3,0.662,0,8승0무2패,1패,30-0-10,21-3-16
20220706,2,키움,81,51,29,1,0.638,1.5,9승0무1패,1패,22-1-18,29-0-11
20220706,3,LG,78,47,30,1,0.610,4,8승0무2패,3승,22-0-20,25-1-10
20220706,4,KT,79,40,37,2,0.519,11,7승0무3패,5승,17-1-21,23-1-16
20220706,5,KIA,78,38,39,1,0.494,13,2승0무8패,8패,17-0-20,21-1-19
20220706,6,롯데,78,34,41,3,0.453,16,4승1무5패,1승,13-3-25,21-0-16
20220706,7,삼성,79,35,44,0,0.443,17,3승0무7패,5패,14-0-25,21-0-19
20220706,8,두산,77,33,42,2,0.440,17,2승1무7패,1승,14-1-22,19-1-20
20220706,9,NC,76,31,43,2,0.419,18.5,5승0무5패,4승,16-2-20,15-0-23
20220706,10,한화,78,24,53,1,0.312,27,2승0무8패,6패,14-0-24,10-1-29
20220707,1,SSG,81,52,26,3,0.667,0,8승0무2패,1승,31-0-10,21-3-16
20220707,2,키움,82,51,30,1,0.630,2.5,8승0무2패,2패,22-1-18,29-0-12
20220707,3,LG,79,48,30,1,0.615,4,8승0무2패,4승,22-0-20,26-1-10
20220707,4,KT,79,40,37,2,0.519,11.5,7승0무3패,5승,17-1-21,23-1-16
20220707,5,KIA,78,38,39,1,0.494,13.5,2승0무8패,8패,17-0-20,21-1-19
20220707,6,두산,78,34,42,2,0.447,17,3승1무6패,2승,15-1-22,19-1-20
20220707,6,롯데,79,34,42,3,0.447,17,3승1무6패,1패,13-3-25,21-0-17
20220707,8,삼성,80,35,45,0,0.438,18,3승0무7패,6패,14-0-26,21-0-19
20220707,9,NC,77,31,44,2,0.413,19.5,5승0무5패,1패,16-2-20,15-0-24
20220707,10,한화,79,25,53,1,0.321,27,2승0무8패,1승,15-0-24,10-1-29
20220708,1,SSG,82,53,26,3,0.671,0,8승0무2패,2승,31-0-10,22-3-16
20220708,2,키움,83,52,30,1,0.634,2.5,8승0무2패,1승,23-1-18,29-0-12
20220708,3,LG,80,49,30,1,0.620,4,9승0무1패,5승,22-0-20,27-1-10
20220708,4,KT,80,41,37,2,0.526,11.5,7승0무3패,6승,18-1-21,23-1-16
20220708,5,KIA,79,39,39,1,0.500,13.5,2승0무8패,1승,18-0-20,21-1-19
20220708,6,두산,79,34,43,2,0.442,18,3승1무6패,1패,15-1-23,19-1-20
20220708,6,롯데,80,34,43,3,0.442,18,3승1무6패,2패,13-3-25,21-0-18
20220708,8,삼성,81,35,46,0,0.432,19,2승0무8패,7패,14-0-27,21-0-19
20220708,9,NC,78,31,45,2,0.408,20.5,4승0무6패,2패,16-2-20,15-0-25
20220708,10,한화,80,25,54,1,0.316,28,2승0무8패,1패,15-0-24,10-1-30
20220709,1,SSG,83,54,26,3,0.675,0,8승0무2패,3승,31-0-10,23-3-16
20220709,2,키움,84,53,30,1,0.639,2.5,8승0무2패,2승,24-1-18,29-0-12
20220709,3,LG,81,50,30,1,0.625,4,9승0무1패,6승,22-0-20,28-1-10
20220709,4,KT,81,42,37,2,0.532,11.5,8승0무2패,7승,19-1-21,23-1-16
20220709,5,KIA,80,40,39,1,0.506,13.5,2승0무8패,2승,19-0-20,21-1-19
20220709,6,두산,80,34,44,2,0.436,19,2승1무7패,2패,15-1-24,19-1-20
20220709,6,롯데,81,34,44,3,0.436,19,3승1무6패,3패,13-3-25,21-0-19
20220709,8,삼성,82,35,47,0,0.427,20,1승0무9패,8패,14-0-28,21-0-19
20220709,9,NC,79,31,46,2,0.403,21.5,4승0무6패,3패,16-2-20,15-0-26
20220709,10,한화,81,25,55,1,0.313,29,2승0무8패,2패,15-0-24,10-1-31
20220710,1,SSG,84,55,26,3,0.679,0,9승0무1패,4승,31-0-10,24-3-16
20220710,2,키움,85,54,30,1,0.643,2.5,8승0무2패,3승,25-1-18,29-0-12
20220710,3,LG,82,51,30,1,0.630,4,9승0무1패,7승,22-0-20,29-1-10
20220710,4,KT,82,42,38,2,0.525,12.5,8승0무2패,1패,19-1-22,23-1-16
20220710,5,KIA,81,41,39,1,0.513,13.5,3승0무7패,3승,20-0-20,21-1-19
20220710,6,롯데,82,35,44,3,0.443,19,4승0무6패,1승,13-3-25,22-0-19
20220710,7,두산,81,34,45,2,0.430,20,2승0무8패,3패,15-1-25,19-1-20
20220710,8,삼성,83,35,48,0,0.422,21,1승0무9패,9패,14-0-29,21-0-19
20220710,9,NC,80,31,47,2,0.397,22.5,4승0무6패,4패,16-2-20,15-0-27
20220710,10,한화,82,25,56,1,0.309,30,1승0무9패,3패,15-0-24,10-1-32
20220712,1,SSG,85,56,26,3,0.683,0,9승0무1패,5승,32-0-10,24-3-16
20220712,2,키움,86,54,31,1,0.635,3.5,7승0무3패,1패,25-1-18,29-0-13
20220712,3,LG,83,51,31,1,0.622,5,8승0무2패,1패,22-0-21,29-1-10
20220712,4,KT,83,43,38,2,0.531,12.5,8승0무2패,1승,20-1-22,23-1-16
20220712,5,KIA,82,42,39,1,0.519,13.5,4승0무6패,4승,20-0-20,22-1-19
20220712,6,롯데,83,36,44,3,0.450,19,4승0무6패,2승,14-3-25,22-0-19
20220712,7,두산,82,35,45,2,0.438,20,3승0무7패,1승,15-1-25,20-1-20
20220712,8,삼성,84,35,49,0,0.417,22,0승0무10패,10패,14-0-29,21-0-20
20220712,9,NC,81,31,48,2,0.392,23.5,4승0무6패,5패,16-2-21,15-0-27
20220712,10,한화,83,25,57,1,0.305,31,1승0무9패,4패,15-0-24,10-1-33
20220713,1,SSG,85,56,26,3,0.683,0,9승0무1패,5승,32-0-10,24-3-16
20220713,2,키움,86,54,31,1,0.635,3.5,7승0무3패,1패,25-1-18,29-0-13
20220713,3,LG,83,51,31,1,0.622,5,8승0무2패,1패,22-0-21,29-1-10
20220713,4,KT,83,43,38,2,0.531,12.5,8승0무2패,1승,20-1-22,23-1-16
20220713,5,KIA,82,42,39,1,0.519,13.5,4승0무6패,4승,20-0-20,22-1-19
20220713,6,롯데,84,37,44,3,0.457,18.5,5승0무5패,3승,15-3-25,22-0-19
20220713,7,두산,83,35,46,2,0.432,20.5,3승0무7패,1패,15-1-25,20-1-21
20220713,8,삼성,84,35,49,0,0.417,22,0승0무10패,10패,14-0-29,21-0-20
20220713,9,NC,82,32,48,2,0.400,23,5승0무5패,1승,17-2-21,15-0-27
20220713,10,한화,84,25,58,1,0.301,31.5,1승0무9패,5패,15-0-24,10-1-34
20220714,1,SSG,86,57,26,3,0.687,0,9승0무1패,6승,33-0-10,24-3-16
20220714,2,키움,87,54,32,1,0.628,4.5,6승0무4패,2패,25-1-18,29-0-14
20220714,3,LG,84,52,31,1,0.627,5,8승0무2패,1승,23-0-21,29-1-10
20220714,4,KT,84,44,38,2,0.537,12.5,9승0무1패,2승,21-1-22,23-1-16
20220714,5,KIA,83,42,40,1,0.512,14.5,4승0무6패,1패,20-0-20,22-1-20
20220714,6,롯데,85,38,44,3,0.463,18.5,5승0무5패,4승,16-3-25,22-0-19
20220714,7,두산,84,36,46,2,0.439,20.5,4승0무6패,1승,15-1-25,21-1-21
20220714,8,삼성,85,35,50,0,0.412,23,0승0무10패,11패,14-0-29,21-0-21
20220714,9,NC,83,32,49,2,0.395,24,4승0무6패,1패,17-2-22,15-0-27
20220714,10,한화,85,25,59,1,0.298,32.5,1승0무9패,6패,15-0-24,10-1-35
20220722,1,SSG,87,58,26,3,0.690,0,9승0무1패,7승,33-0-10,25-3-16
20220722,2,키움,88,55,32,1,0.632,4.5,6승0무4패,1승,26-1-18,29-0-14
20220722,3,LG,85,52,32,1,0.619,6,8승0무2패,1패,23-0-21,29-1-11
20220722,4,KT,85,44,39,2,0.530,13.5,8승0무2패,1패,21-1-22,23-1-17
20220722,5,KIA,84,43,40,1,0.518,14.5,5승0무5패,1승,20-0-20,23-1-20
20220722,6,롯데,86,38,45,3,0.458,19.5,5승0무5패,1패,16-3-26,22-0-19
20220722,7,두산,85,36,47,2,0.434,21.5,4승0무6패,1패,15-1-26,21-1-21
20220722,8,삼성,86,35,51,0,0.407,24,0승0무10패,12패,14-0-29,21-0-22
20220722,9,NC,84,33,49,2,0.402,24,4승0무6패,1승,18-2-22,15-0-27
20220722,10,한화,86,26,59,1,0.306,32.5,2승0무8패,1승,16-0-24,10-1-35
20220723,1,SSG,87,58,26,3,0.690,0,9승0무1패,7승,33-0-10,25-3-16
20220723,2,키움,89,56,32,1,0.636,4,6승0무4패,2승,27-1-18,29-0-14
20220723,3,LG,86,53,32,1,0.624,5.5,8승0무2패,1승,23-0-21,30-1-11
20220723,4,KT,86,45,39,2,0.536,13,8승0무2패,1승,21-1-22,24-1-17
20220723,5,KIA,85,44,40,1,0.524,14,6승0무4패,2승,20-0-20,24-1-20
20220723,6,롯데,87,38,46,3,0.452,20,5승0무5패,2패,16-3-27,22-0-19
20220723,7,두산,85,36,47,2,0.434,21.5,4승0무6패,1패,15-1-26,21-1-21
20220723,8,삼성,87,35,52,0,0.402,24.5,0승0무10패,13패,14-0-29,21-0-23
20220723,9,NC,85,33,50,2,0.398,24.5,3승0무7패,1패,18-2-23,15-0-27
20220723,10,한화,87,26,60,1,0.302,33,2승0무8패,1패,16-0-25,10-1-35
20220724,1,SSG,88,59,26,3,0.694,0,9승0무1패,8승,33-0-10,26-3-16
20220724,2,키움,90,56,33,1,0.629,5,5승0무5패,1패,27-1-19,29-0-14
20220724,3,LG,87,53,33,1,0.616,6.5,7승0무3패,1패,23-0-21,30-1-12
20220724,4,KT,87,46,39,2,0.541,13,8승0무2패,2승,21-1-22,25-1-17
20220724,5,KIA,86,45,40,1,0.529,14,7승0무3패,3승,20-0-20,25-1-20
20220724,6,롯데,88,38,47,3,0.447,21,4승0무6패,3패,16-3-28,22-0-19
20220724,7,두산,86,36,48,2,0.429,22.5,4승0무6패,2패,15-1-27,21-1-21
20220724,8,삼성,88,36,52,0,0.409,24.5,1승0무9패,1승,14-0-29,22-0-23
20220724,9,NC,86,34,50,2,0.405,24.5,3승0무7패,1승,19-2-23,15-0-27
20220724,10,한화,88,26,61,1,0.299,34,2승0무8패,2패,16-0-26,10-1-35
20220726,1,SSG,89,59,27,3,0.686,0,8승0무2패,1패,33-0-11,26-3-16
20220726,2,키움,91,57,33,1,0.633,4,6승0무4패,1승,27-1-19,30-0-14
20220726,3,LG,88,54,33,1,0.621,5.5,7승0무3패,1승,23-0-21,31-1-12
20220726,4,KT,88,46,40,2,0.535,13,7승0무3패,1패,21-1-23,25-1-17
20220726,5,KIA,87,45,41,1,0.523,14,7승0무3패,1패,20-0-21,25-1-20
20220726,6,롯데,89,38,48,3,0.442,21,4승0무6패,4패,16-3-28,22-0-20
20220726,7,두산,87,37,48,2,0.435,21.5,4승0무6패,1승,16-1-27,21-1-21
20220726,8,NC,87,35,50,2,0.412,23.5,4승0무6패,2승,19-2-23,16-0-27
20220726,9,삼성,89,36,53,0,0.404,24.5,1승0무9패,1패,14-0-30,22-0-23
20220726,10,한화,89,27,61,1,0.307,33,2승0무8패,1승,16-0-26,11-1-35
20220727,1,SSG,90,60,27,3,0.690,0,9승0무1패,1승,34-0-11,26-3-16
20220727,2,키움,92,57,34,1,0.626,5,6승0무4패,1패,27-1-19,30-0-15
20220727,3,LG,89,54,34,1,0.614,6.5,6승0무4패,1패,23-0-21,31-1-13
20220727,4,KT,89,47,40,2,0.540,13,7승0무3패,1승,22-1-23,25-1-17
20220727,5,KIA,88,46,41,1,0.529,14,8승0무2패,1승,21-0-21,25-1-20
20220727,6,두산,88,38,48,2,0.442,21.5,4승0무6패,2승,17-1-27,21-1-21
20220727,7,롯데,90,38,49,3,0.437,22,4승0무6패,5패,16-3-28,22-0-21
20220727,8,삼성,90,37,53,0,0.411,24.5,2승0무8패,1승,15-0-30,22-0-23
20220727,9,NC,88,35,51,2,0.407,24.5,4승0무6패,1패,19-2-23,16-0-28
20220727,10,한화,90,27,62,1,0.303,34,2승0무8패,1패,16-0-26,11-1-36
20220728,1,SSG,91,61,27,3,0.693,0,9승0무1패,2승,35-0-11,26-3-16
20220728,2,키움,93,57,35,1,0.620,6,5승0무5패,2패,27-1-19,30-0-16
20220728,3,LG,90,54,35,1,0.607,7.5,5승0무5패,2패,23-0-21,31-1-14
20220728,4,KT,90,48,40,2,0.545,13,7승0무3패,2승,23-1-23,25-1-17
20220728,5,KIA,89,46,42,1,0.523,15,7승0무3패,1패,21-0-22,25-1-20
20220728,6,두산,89,39,48,2,0.448,21.5,5승0무5패,3승,18-1-27,21-1-21
20220728,7,롯데,91,38,50,3,0.432,23,4승0무6패,6패,16-3-28,22-0-22
20220728,8,NC,89,36,51,2,0.414,24.5,5승0무5패,1승,19-2-23,17-0-28
20220728,9,삼성,91,37,53,1,0.411,25,2승1무7패,1승,15-1-30,22-0-23
20220728,10,한화,91,27,62,2,0.303,34.5,2승1무7패,1패,16-0-26,11-2-36
20220729,1,SSG,92,61,28,3,0.685,0,8승0무2패,1패,35-0-11,26-3-17
20220729,2,키움,94,57,36,1,0.613,6,4승0무6패,3패,27-1-19,30-0-17
20220729,3,LG,91,54,36,1,0.600,7.5,4승0무6패,3패,23-0-22,31-1-14
20220729,4,KT,91,49,40,2,0.551,12,7승0무3패,3승,23-1-23,26-1-17
20220729,5,KIA,90,47,42,1,0.528,14,7승0무3패,1승,22-0-22,25-1-20
20220729,6,두산,90,40,48,2,0.455,20.5,6승0무4패,4승,18-1-27,22-1-21
20220729,7,롯데,92,38,51,3,0.427,23,3승0무7패,7패,16-3-28,22-0-23
20220729,8,NC,90,37,51,2,0.420,23.5,6승0무4패,2승,20-2-23,17-0-28
20220729,9,삼성,92,38,53,1,0.418,24,3승1무6패,2승,16-1-30,22-0-23
20220729,10,한화,92,27,63,2,0.300,34.5,2승1무7패,2패,16-0-27,11-2-36
20220730,1,SSG,93,62,28,3,0.689,0,8승0무2패,1승,35-0-11,27-3-17
20220730,2,키움,95,57,36,2,0.613,6.5,3승1무6패,3패,27-1-19,30-1-17
20220730,3,LG,92,55,36,1,0.604,7.5,4승0무6패,1승,24-0-22,31-1-14
20220730,4,KT,92,49,41,2,0.544,13,7승0무3패,1패,23-1-23,26-1-18
20220730,5,KIA,91,47,43,1,0.522,15,6승0무4패,1패,22-0-23,25-1-20
20220730,6,두산,91,40,49,2,0.449,21.5,6승0무4패,1패,18-1-27,22-1-22
20220730,7,롯데,93,39,51,3,0.433,23,3승0무7패,1승,16-3-28,23-0-23
20220730,8,NC,91,37,51,3,0.420,24,6승1무3패,2승,20-3-23,17-0-28
20220730,9,삼성,93,38,54,1,0.413,25,3승1무6패,1패,16-1-31,22-0-23
20220730,10,한화,93,28,63,2,0.308,34.5,3승1무6패,1승,17-0-27,11-2-36
20220731,1,SSG,94,63,28,3,0.692,0,8승0무2패,2승,35-0-11,28-3-17
20220731,2,키움,95,57,36,2,0.613,7,3승1무6패,3패,27-1-19,30-1-17
20220731,3,LG,92,55,36,1,0.604,8,4승0무6패,1승,24-0-22,31-1-14
20220731,4,KT,92,49,41,2,0.544,13.5,7승0무3패,1패,23-1-23,26-1-18
20220731,5,KIA,92,47,44,1,0.516,16,5승0무5패,2패,22-0-24,25-1-20
20220731,6,두산,91,40,49,2,0.449,22,6승0무4패,1패,18-1-27,22-1-22
20220731,7,롯데,94,39,51,4,0.433,23.5,2승1무7패,1승,16-3-28,23-1-23
20220731,8,NC,91,37,51,3,0.420,24.5,6승1무3패,2승,20-3-23,17-0-28
20220731,9,삼성,94,38,54,2,0.413,25.5,3승2무5패,1패,16-2-31,22-0-23
20220731,10,한화,93,28,63,2,0.308,35,3승1무6패,1승,17-0-27,11-2-36
20220802,1,SSG,95,64,28,3,0.696,0,8승0무2패,3승,35-0-11,29-3-17
20220802,2,키움,96,57,37,2,0.606,8,3승1무6패,4패,27-1-20,30-1-17
20220802,3,LG,93,55,37,1,0.598,9,4승0무6패,1패,24-0-22,31-1-15
20220802,4,KT,92,49,41,2,0.544,14,7승0무3패,1패,23-1-23,26-1-18
20220802,5,KIA,93,47,45,1,0.511,17,5승0무5패,3패,22-0-24,25-1-21
20220802,6,두산,91,40,49,2,0.449,22.5,6승0무4패,1패,18-1-27,22-1-22
20220802,7,롯데,95,40,51,4,0.440,23.5,2승1무7패,2승,17-3-28,23-1-23
20220802,8,NC,91,37,51,3,0.420,25,6승1무3패,2승,20-3-23,17-0-28
20220802,9,삼성,94,38,54,2,0.413,26,3승2무5패,1패,16-2-31,22-0-23
20220802,10,한화,94,29,63,2,0.315,35,4승1무5패,2승,18-0-27,11-2-36
20220803,1,SSG,96,64,29,3,0.688,0,7승0무3패,1패,35-0-11,29-3-18
20220803,2,키움,97,58,37,2,0.611,7,4승1무5패,1승,28-1-20,30-1-17
20220803,3,LG,94,56,37,1,0.602,8,4승0무6패,1승,24-0-22,32-1-15
20220803,4,KT,93,50,41,2,0.549,13,7승0무3패,1승,23-1-23,27-1-18
20220803,5,KIA,94,48,45,1,0.516,16,5승0무5패,1승,22-0-24,26-1-21
20220803,6,두산,92,41,49,2,0.456,21.5,6승0무4패,1승,19-1-27,22-1-22
20220803,7,롯데,96,40,52,4,0.435,23.5,2승1무7패,1패,17-3-29,23-1-23
20220803,8,NC,92,37,52,3,0.416,25,5승1무4패,1패,20-3-24,17-0-28
20220803,9,삼성,95,38,55,2,0.409,26,3승2무5패,2패,16-2-31,22-0-24
20220803,10,한화,95,29,64,2,0.312,35,4승1무5패,1패,18-0-28,11-2-36
20220804,1,SSG,97,65,29,3,0.691,0,7승0무3패,1승,35-0-11,30-3-18
20220804,2,LG,95,57,37,1,0.606,8,5승0무5패,2승,24-0-22,33-1-15
20220804,3,키움,98,58,38,2,0.604,8,3승1무6패,1패,28-1-21,30-1-17
20220804,4,KT,94,50,42,2,0.543,14,6승0무4패,1패,23-1-23,27-1-19
20220804,5,KIA,95,48,46,1,0.511,17,4승0무6패,1패,22-0-24,26-1-22
20220804,6,두산,93,41,50,2,0.451,22.5,6승0무4패,1패,19-1-28,22-1-22
20220804,7,롯데,97,40,53,4,0.430,24.5,2승1무7패,2패,17-3-30,23-1-23
20220804,8,NC,93,38,52,3,0.422,25,6승1무3패,1승,21-3-24,17-0-28
20220804,9,삼성,96,39,55,2,0.415,26,4승2무4패,1승,16-2-31,23-0-24
20220804,10,한화,96,30,64,2,0.319,35,4승1무5패,1승,19-0-28,11-2-36
20220805,1,SSG,98,65,30,3,0.684,0,6승0무4패,1패,35-0-12,30-3-18
20220805,2,키움,99,59,38,2,0.608,7,3승1무6패,1승,28-1-21,31-1-17
20220805,3,LG,96,57,38,1,0.600,8,4승0무6패,1패,24-0-23,33-1-15
20220805,4,KT,95,51,42,2,0.548,13,7승0무3패,1승,24-1-23,27-1-19
20220805,5,KIA,96,48,47,1,0.505,17,3승0무7패,2패,22-0-25,26-1-22
20220805,6,두산,94,42,50,2,0.457,21.5,6승0무4패,1승,19-1-28,23-1-22
20220805,7,롯데,98,41,53,4,0.436,23.5,3승1무6패,1승,18-3-30,23-1-23
20220805,8,삼성,97,40,55,2,0.421,25,5승2무3패,2승,16-2-31,24-0-24
20220805,9,NC,94,38,53,3,0.418,25,5승1무4패,1패,21-3-24,17-0-29
20220805,10,한화,97,30,65,2,0.316,35,4승1무5패,1패,19-0-28,11-2-37
20220806,1,SSG,99,66,30,3,0.688,0,7승0무3패,1승,36-0-12,30-3-18
20220806,2,LG,97,58,38,1,0.604,8,5승0무5패,1승,25-0-23,33-1-15
20220806,3,키움,100,59,39,2,0.602,8,3승1무6패,1패,28-1-21,31-1-18
20220806,4,KT,96,52,42,2,0.553,13,7승0무3패,2승,25-1-23,27-1-19
20220806,5,KIA,97,48,48,1,0.500,18,3승0무7패,3패,22-0-26,26-1-22
20220806,6,두산,95,43,50,2,0.462,21.5,7승0무3패,2승,19-1-28,24-1-22
20220806,7,롯데,99,41,54,4,0.432,24.5,3승1무6패,1패,18-3-31,23-1-23
20220806,8,NC,95,39,53,3,0.424,25,6승1무3패,1승,21-3-24,18-0-29
20220806,9,삼성,98,40,56,2,0.417,26,4승2무4패,1패,16-2-31,24-0-25
20220806,10,한화,98,30,66,2,0.313,36,4승1무5패,2패,19-0-28,11-2-38
20220807,1,SSG,100,67,30,3,0.691,0,7승0무3패,2승,37-0-12,30-3-18
20220807,2,LG,98,59,38,1,0.608,8,5승0무5패,2승,26-0-23,33-1-15
20220807,3,키움,101,59,40,2,0.596,9,2승1무7패,2패,28-1-21,31-1-19
20220807,4,KT,97,52,43,2,0.547,14,6승0무4패,1패,25-1-24,27-1-19
20220807,5,KIA,98,49,48,1,0.505,18,3승0무7패,1승,23-0-26,26-1-22
20220807,6,두산,96,43,51,2,0.457,22.5,7승0무3패,1패,19-1-28,24-1-23
20220807,7,NC,96,40,53,3,0.430,25,6승1무3패,2승,21-3-24,19-0-29
20220807,8,롯데,100,41,55,4,0.427,25.5,3승1무6패,2패,18-3-32,23-1-23
20220807,9,삼성,99,40,57,2,0.412,27,4승2무4패,2패,16-2-31,24-0-26
20220807,10,한화,99,31,66,2,0.320,36,4승1무5패,1승,19-0-28,12-2-38
20220810,1,SSG,101,68,30,3,0.694,0,7승0무3패,3승,38-0-12,30-3-18
20220810,2,LG,98,59,38,1,0.608,8.5,5승0무5패,2승,26-0-23,33-1-15
20220810,3,키움,102,59,41,2,0.590,10,2승1무7패,3패,28-1-22,31-1-19
20220810,4,KT,98,52,44,2,0.542,15,6승0무4패,2패,25-1-24,27-1-20
20220810,5,KIA,99,49,49,1,0.500,19,3승0무7패,1패,23-0-26,26-1-23
20220810,6,두산,97,43,52,2,0.453,23.5,6승0무4패,2패,19-1-29,24-1-23
20220810,7,NC,97,41,53,3,0.436,25,6승1무3패,3승,21-3-24,20-0-29
20220810,8,롯데,101,42,55,4,0.433,25.5,4승1무5패,1승,18-3-32,24-1-23
20220810,9,삼성,100,41,57,2,0.418,27,4승2무4패,1승,17-2-31,24-0-26
20220810,10,한화,99,31,66,2,0.320,36.5,4승1무5패,1승,19-0-28,12-2-38
20220811,1,SSG,102,69,30,3,0.697,0,8승0무2패,4승,39-0-12,30-3-18
20220811,2,LG,98,59,38,1,0.608,9,5승0무5패,2승,26-0-23,33-1-15
20220811,3,키움,103,59,42,2,0.584,11,2승1무7패,4패,28-1-23,31-1-19
20220811,4,KT,99,52,45,2,0.536,16,5승0무5패,3패,25-1-24,27-1-21
20220811,5,KIA,99,49,49,1,0.500,19.5,3승0무7패,1패,23-0-26,26-1-23
20220811,6,두산,98,43,53,2,0.448,24.5,5승0무5패,3패,19-1-30,24-1-23
20220811,7,NC,98,42,53,3,0.442,25,7승1무2패,4승,21-3-24,21-0-29
20220811,8,롯데,102,43,55,4,0.439,25.5,5승1무4패,2승,18-3-32,25-1-23
20220811,9,삼성,100,41,57,2,0.418,27.5,4승2무4패,1승,17-2-31,24-0-26
20220811,10,한화,99,31,66,2,0.320,37,4승1무5패,1승,19-0-28,12-2-38
20220812,1,SSG,103,69,31,3,0.690,0,7승0무3패,1패,39-0-13,30-3-18
20220812,2,LG,99,60,38,1,0.612,8,6승0무4패,3승,26-0-23,34-1-15
20220812,3,키움,104,59,43,2,0.578,11,2승1무7패,5패,28-1-24,31-1-19
20220812,4,KT,100,53,45,2,0.541,15,5승0무5패,1승,25-1-24,28-1-21
20220812,5,KIA,100,49,50,1,0.495,19.5,2승0무8패,2패,23-0-26,26-1-24
20220812,6,두산,99,44,53,2,0.454,23.5,5승0무5패,1승,20-1-30,24-1-23
20220812,7,롯데,103,44,55,4,0.444,24.5,5승1무4패,3승,18-3-32,26-1-23
20220812,8,NC,99,42,54,3,0.438,25,6승1무3패,1패,21-3-24,21-0-30
20220812,9,삼성,101,42,57,2,0.424,26.5,5승1무4패,2승,18-2-31,24-0-26
20220812,10,한화,100,31,67,2,0.316,37,4승1무5패,1패,19-0-29,12-2-38
20220813,1,SSG,104,70,31,3,0.693,0,7승0무3패,1승,39-0-13,31-3-18
20220813,2,LG,99,60,38,1,0.612,8.5,6승0무4패,3승,26-0-23,34-1-15
20220813,3,키움,105,60,43,2,0.583,11,3승0무7패,1승,28-1-24,32-1-19
20220813,4,KT,101,54,45,2,0.545,15,5승0무5패,2승,26-1-24,28-1-21
20220813,5,KIA,101,50,50,1,0.500,19.5,3승0무7패,1승,24-0-26,26-1-24
20220813,6,두산,100,44,54,2,0.449,24.5,4승0무6패,1패,20-1-31,24-1-23
20220813,7,롯데,104,44,56,4,0.440,25.5,5승0무5패,1패,18-3-32,26-1-24
20220813,8,NC,99,42,54,3,0.438,25.5,6승1무3패,1패,21-3-24,21-0-30
20220813,9,삼성,102,42,58,2,0.420,27.5,4승1무5패,1패,18-2-31,24-0-27
20220813,10,한화,101,31,68,2,0.313,38,4승0무6패,2패,19-0-30,12-2-38
20220814,1,SSG,105,71,31,3,0.696,0,7승0무3패,2승,39-0-13,32-3-18
20220814,2,LG,100,60,39,1,0.606,9.5,6승0무4패,1패,26-0-23,34-1-16
20220814,3,키움,106,61,43,2,0.587,11,4승0무6패,2승,28-1-24,33-1-19
20220814,4,KT,102,55,45,2,0.550,15,6승0무4패,3승,27-1-24,28-1-21
20220814,5,KIA,102,50,51,1,0.495,20.5,3승0무7패,1패,24-0-27,26-1-24
20220814,6,롯데,105,45,56,4,0.446,25.5,5승0무5패,1승,18-3-32,27-1-24
20220814,7,두산,101,44,55,2,0.444,25.5,4승0무6패,2패,20-1-32,24-1-23
20220814,8,NC,100,43,54,3,0.443,25.5,6승1무3패,1승,22-3-24,21-0-30
20220814,9,삼성,103,42,59,2,0.416,28.5,4승1무5패,2패,18-2-31,24-0-28
20220814,10,한화,102,31,69,2,0.310,39,4승0무6패,3패,19-0-31,12-2-38
20220816,1,SSG,105,71,31,3,0.696,0,7승0무3패,2승,39-0-13,32-3-18
20220816,2,LG,101,61,39,1,0.610,9,7승0무3패,1승,27-0-23,34-1-16
20220816,3,키움,107,61,44,2,0.581,11.5,3승0무7패,1패,28-1-24,33-1-20
20220816,4,KT,103,56,45,2,0.554,14.5,6승0무4패,4승,28-1-24,28-1-21
20220816,5,KIA,102,50,51,1,0.495,20.5,3승0무7패,1패,24-0-27,26-1-24
20220816,6,롯데,105,45,56,4,0.446,25.5,5승0무5패,1승,18-3-32,27-1-24
20220816,7,두산,101,44,55,2,0.444,25.5,4승0무6패,2패,20-1-32,24-1-23
20220816,8,NC,100,43,54,3,0.443,25.5,6승1무3패,1승,22-3-24,21-0-30
20220816,9,삼성,104,42,60,2,0.412,29,4승0무6패,3패,18-2-31,24-0-29
20220816,10,한화,102,31,69,2,0.310,39,4승0무6패,3패,19-0-31,12-2-38
20220817,1,SSG,106,71,32,3,0.689,0,7승0무3패,1패,39-0-13,32-3-19
20220817,2,LG,102,62,39,1,0.614,8,7승0무3패,2승,28-0-23,34-1-16
20220817,3,키움,108,61,45,2,0.575,11.5,3승0무7패,2패,28-1-24,33-1-21
20220817,4,KT,104,57,45,2,0.559,13.5,7승0무3패,5승,29-1-24,28-1-21
20220817,5,KIA,103,51,51,1,0.500,19.5,4승0무6패,1승,25-0-27,26-1-24
20220817,6,롯데,106,46,56,4,0.451,24.5,6승0무4패,2승,19-3-32,27-1-24
20220817,7,NC,101,44,54,3,0.449,24.5,7승0무3패,2승,23-3-24,21-0-30
20220817,8,두산,102,44,56,2,0.440,25.5,3승0무7패,3패,20-1-32,24-1-24
20220817,9,삼성,105,42,61,2,0.408,29,4승0무6패,4패,18-2-31,24-0-30
20220817,10,한화,103,31,70,2,0.307,39,3승0무7패,4패,19-0-31,12-2-39
20220818,1,SSG,107,71,33,3,0.683,0,6승0무4패,2패,39-0-14,32-3-19
20220818,2,LG,103,63,39,1,0.618,7,8승0무2패,3승,28-0-23,35-1-16
20220818,3,키움,109,61,46,2,0.570,11.5,2승0무8패,3패,28-1-24,33-1-22
20220818,4,KT,105,57,46,2,0.553,13.5,6승0무4패,1패,29-1-24,28-1-22
20220818,5,KIA,104,51,52,1,0.495,19.5,3승0무7패,1패,25-0-28,26-1-24
20220818,6,롯데,107,47,56,4,0.456,23.5,7승0무3패,3승,20-3-32,27-1-24
20220818,7,NC,102,45,54,3,0.455,23.5,8승0무2패,3승,23-3-24,22-0-30
20220818,8,두산,103,45,56,2,0.446,24.5,4승0무6패,1승,21-1-32,24-1-24
20220818,9,삼성,106,43,61,2,0.413,28,4승0무6패,1승,18-2-31,25-0-30
20220818,10,한화,104,31,71,2,0.304,39,2승0무8패,5패,19-0-32,12-2-39
20220819,1,SSG,107,71,33,3,0.683,0,6승0무4패,2패,39-0-14,32-3-19
20220819,2,LG,103,63,39,1,0.618,7,8승0무2패,3승,28-0-23,35-1-16
20220819,3,키움,109,61,46,2,0.570,11.5,2승0무8패,3패,28-1-24,33-1-22
20220819,4,KT,106,58,46,2,0.558,13,6승0무4패,1승,29-1-24,29-1-22
20220819,5,KIA,105,52,52,1,0.500,19,4승0무6패,1승,26-0-28,26-1-24
20220819,6,롯데,108,47,57,4,0.452,24,6승0무4패,1패,20-3-33,27-1-24
20220819,7,NC,103,45,55,3,0.450,24,7승0무3패,1패,23-3-24,22-0-31
20220819,8,두산,103,45,56,2,0.446,24.5,4승0무6패,1승,21-1-32,24-1-24
20220819,9,삼성,107,44,61,2,0.419,27.5,4승0무6패,2승,18-2-31,26-0-30
20220819,10,한화,105,31,72,2,0.301,39.5,2승0무8패,6패,19-0-33,12-2-39
20220820,1,SSG,108,72,33,3,0.686,0,7승0무3패,1승,39-0-14,33-3-19
20220820,2,LG,104,64,39,1,0.621,7,8승0무2패,4승,29-0-23,35-1-16
20220820,3,키움,110,61,47,2,0.565,12.5,2승0무8패,4패,28-1-25,33-1-22
20220820,4,KT,107,58,47,2,0.552,14,6승0무4패,1패,29-1-25,29-1-22
20220820,5,KIA,106,53,52,1,0.505,19,5승0무5패,2승,26-0-28,27-1-24
20220820,6,NC,103,45,55,3,0.450,24.5,7승0무3패,1패,23-3-24,22-0-31
20220820,7,롯데,109,47,58,4,0.448,25,6승0무4패,2패,20-3-34,27-1-24
20220820,8,두산,104,45,57,2,0.441,25.5,3승0무7패,1패,21-1-32,24-1-25
20220820,9,삼성,107,44,61,2,0.419,28,4승0무6패,2승,18-2-31,26-0-30
20220820,10,한화,106,32,72,2,0.308,39.5,2승0무8패,1승,19-0-33,13-2-39
20220821,1,SSG,109,73,33,3,0.689,0,7승0무3패,2승,39-0-14,34-3-19
20220821,2,LG,105,64,40,1,0.615,8,7승0무3패,1패,29-0-24,35-1-16
20220821,3,키움,111,61,48,2,0.560,13.5,2승0무8패,5패,28-1-26,33-1-22
20220821,4,KT,108,59,47,2,0.557,14,7승0무3패,1승,30-1-25,29-1-22
20220821,5,KIA,107,53,53,1,0.500,20,5승0무5패,1패,26-0-28,27-1-25
20220821,6,NC,104,46,55,3,0.455,24.5,8승0무2패,1승,23-3-24,23-0-31
20220821,7,롯데,110,48,58,4,0.453,25,7승0무3패,1승,21-3-34,27-1-24
20220821,8,두산,105,46,57,2,0.447,25.5,3승0무7패,1승,21-1-32,25-1-25
20220821,9,삼성,108,44,62,2,0.415,29,4승0무6패,1패,18-2-32,26-0-30
20220821,10,한화,107,32,73,2,0.305,40.5,2승0무8패,1패,19-0-33,13-2-40
20220823,1,SSG,110,74,33,3,0.692,0,7승0무3패,3승,40-0-14,34-3-19
20220823,2,LG,106,64,41,1,0.610,9,7승0무3패,2패,29-0-24,35-1-17
20220823,3,KT,109,60,47,2,0.561,14,8승0무2패,2승,30-1-25,30-1-22
20220823,4,키움,112,61,49,2,0.555,14.5,2승0무8패,6패,28-1-27,33-1-22
20220823,5,KIA,108,54,53,1,0.505,20,5승0무5패,1승,26-0-28,28-1-25
20220823,6,롯데,111,49,58,4,0.458,25,7승0무3패,2승,21-3-34,28-1-24
20220823,7,NC,105,46,56,3,0.451,25.5,7승0무3패,1패,23-3-25,23-0-31
20220823,8,두산,106,46,58,2,0.442,26.5,3승0무7패,1패,21-1-33,25-1-25
20220823,9,삼성,109,44,63,2,0.411,30,4승0무6패,2패,18-2-32,26-0-31
20220823,10,한화,108,33,73,2,0.311,40.5,3승0무7패,1승,20-0-33,13-2-40
20220824,1,SSG,111,75,33,3,0.694,0,7승0무3패,4승,41-0-14,34-3-19
20220824,2,LG,107,65,41,1,0.613,9,7승0무3패,1승,29-0-24,36-1-17
20220824,3,KT,110,61,47,2,0.565,14,8승0무2패,3승,30-1-25,31-1-22
20220824,4,키움,113,62,49,2,0.559,14.5,3승0무7패,1승,29-1-27,33-1-22
20220824,5,KIA,109,54,54,1,0.500,21,5승0무5패,1패,26-0-28,28-1-26
20220824,6,롯데,112,50,58,4,0.463,25,7승0무3패,3승,21-3-34,29-1-24
20220824,7,NC,106,46,57,3,0.447,26.5,6승0무4패,2패,23-3-26,23-0-31
20220824,8,두산,107,46,59,2,0.438,27.5,3승0무7패,2패,21-1-34,25-1-25
20220824,9,삼성,110,44,64,2,0.407,31,3승0무7패,3패,18-2-32,26-0-32
20220824,10,한화,109,33,74,2,0.308,41.5,2승0무8패,1패,20-0-34,13-2-40
20220825,1,SSG,112,75,34,3,0.688,0,6승0무4패,1패,41-0-14,34-3-20
20220825,2,LG,108,65,42,1,0.607,9,6승0무4패,1패,29-0-25,36-1-17
20220825,3,KT,111,62,47,2,0.569,13,8승0무2패,4승,31-1-25,31-1-22
20220825,4,키움,114,63,49,2,0.563,13.5,4승0무6패,2승,29-1-27,34-1-22
20220825,5,KIA,110,55,54,1,0.505,20,6승0무4패,1승,26-0-28,29-1-26
20220825,6,롯데,113,50,59,4,0.459,25,6승0무4패,1패,21-3-35,29-1-24
20220825,7,NC,107,46,58,3,0.442,26.5,5승0무5패,3패,23-3-27,23-0-31
20220825,8,두산,108,46,60,2,0.434,27.5,3승0무7패,3패,21-1-34,25-1-26
20220825,9,삼성,111,45,64,2,0.413,30,3승0무7패,1승,18-2-32,27-0-32
20220825,10,한화,110,34,74,2,0.315,40.5,3승0무7패,1승,21-0-34,13-2-40
20220826,1,SSG,113,75,35,3,0.682,0,6승0무4패,2패,41-0-14,34-3-21
20220826,2,LG,109,66,42,1,0.611,8,6승0무4패,1승,30-0-25,36-1-17
20220826,3,KT,112,63,47,2,0.573,12,8승0무2패,5승,32-1-25,31-1-22
20220826,4,키움,115,64,49,2,0.566,12.5,4승0무6패,3승,29-1-27,35-1-22
20220826,5,KIA,111,55,55,1,0.500,20,5승0무5패,1패,26-0-28,29-1-27
20220826,6,롯데,114,51,59,4,0.464,24,7승0무3패,1승,22-3-35,29-1-24
20220826,7,NC,108,46,59,3,0.438,26.5,4승0무6패,4패,23-3-28,23-0-31
20220826,8,두산,109,46,61,2,0.430,27.5,2승0무8패,4패,21-1-34,25-1-27
20220826,9,삼성,112,45,65,2,0.409,30,3승0무7패,1패,18-2-32,27-0-33
20220826,10,한화,111,35,74,2,0.321,39.5,4승0무6패,2승,22-0-34,13-2-40
20220827,1,SSG,114,76,35,3,0.685,0,6승0무4패,1승,42-0-14,34-3-21
20220827,2,LG,110,67,42,1,0.615,8,7승0무3패,2승,31-0-25,36-1-17
20220827,3,KT,113,63,48,2,0.568,13,7승0무3패,1패,32-1-25,31-1-23
20220827,4,키움,116,64,50,2,0.561,13.5,3승0무7패,1패,29-1-27,35-1-23
20220827,5,KIA,112,55,56,1,0.495,21,5승0무5패,2패,26-0-29,29-1-27
20220827,6,롯데,115,51,60,4,0.459,25,6승0무4패,1패,22-3-35,29-1-25
20220827,7,NC,109,47,59,3,0.443,26.5,5승0무5패,1승,24-3-28,23-0-31
20220827,8,두산,110,47,61,2,0.435,27.5,3승0무7패,1승,21-1-34,26-1-27
20220827,9,삼성,113,46,65,2,0.414,30,4승0무6패,1승,19-2-32,27-0-33
20220827,10,한화,112,35,75,2,0.318,40.5,4승0무6패,1패,22-0-34,13-2-41
20220828,1,SSG,115,76,36,3,0.679,0,5승0무5패,1패,42-0-15,34-3-21
20220828,2,LG,111,68,42,1,0.618,7,7승0무3패,3승,32-0-25,36-1-17
20220828,3,KT,114,63,49,2,0.563,13,6승0무4패,2패,32-1-25,31-1-24
20220828,4,키움,117,64,51,2,0.557,13.5,3승0무7패,2패,29-1-27,35-1-24
20220828,5,KIA,113,56,56,1,0.500,20,5승0무5패,1승,27-0-29,29-1-27
20220828,6,롯데,116,52,60,4,0.464,24,6승0무4패,1승,22-3-35,30-1-25
20220828,7,NC,110,48,59,3,0.449,25.5,5승0무5패,2승,25-3-28,23-0-31
20220828,8,두산,111,47,62,2,0.431,27.5,3승0무7패,1패,21-1-34,26-1-28
20220828,9,삼성,114,47,65,2,0.420,29,5승0무5패,2승,20-2-32,27-0-33
20220828,10,한화,113,35,76,2,0.315,40.5,4승0무6패,2패,22-0-34,13-2-42
20220830,1,SSG,115,76,36,3,0.679,0,5승0무5패,1패,42-0-15,34-3-21
20220830,2,LG,111,68,42,1,0.618,7,7승0무3패,3승,32-0-25,36-1-17
20220830,3,KT,114,63,49,2,0.563,13,6승0무4패,2패,32-1-25,31-1-24
20220830,4,키움,118,65,51,2,0.560,13,4승0무6패,1승,30-1-27,35-1-24
20220830,5,KIA,113,56,56,1,0.500,20,5승0무5패,1승,27-0-29,29-1-27
20220830,6,롯데,117,52,61,4,0.460,24.5,5승0무5패,1패,22-3-35,30-1-26
20220830,7,NC,110,48,59,3,0.449,25.5,5승0무5패,2승,25-3-28,23-0-31
20220830,8,두산,111,47,62,2,0.431,27.5,3승0무7패,1패,21-1-34,26-1-28
20220830,9,삼성,114,47,65,2,0.420,29,5승0무5패,2승,20-2-32,27-0-33
20220830,10,한화,113,35,76,2,0.315,40.5,4승0무6패,2패,22-0-34,13-2-42
20220831,1,SSG,116,76,37,3,0.673,0,5승0무5패,2패,42-0-15,34-3-22
20220831,2,LG,112,69,42,1,0.622,6,7승0무3패,4승,33-0-25,36-1-17
20220831,3,KT,115,64,49,2,0.566,12,7승0무3패,1승,33-1-25,31-1-24
20220831,4,키움,119,66,51,2,0.564,12,5승0무5패,2승,31-1-27,35-1-24
20220831,5,KIA,114,57,56,1,0.504,19,6승0무4패,2승,27-0-29,30-1-27
20220831,6,롯데,118,52,62,4,0.456,24.5,5승0무5패,2패,22-3-35,30-1-27
20220831,7,NC,111,48,60,3,0.444,25.5,4승0무6패,1패,25-3-28,23-0-32
20220831,8,두산,112,47,63,2,0.427,27.5,3승0무7패,2패,21-1-34,26-1-29
20220831,9,삼성,115,48,65,2,0.425,28,6승0무4패,3승,21-2-32,27-0-33
20220831,10,한화,114,35,77,2,0.313,40.5,4승0무6패,3패,22-0-35,13-2-42
20220901,1,SSG,117,76,38,3,0.667,0,5승0무5패,3패,42-0-16,34-3-22
20220901,2,LG,113,70,42,1,0.625,5,7승0무3패,5승,33-0-25,37-1-17
20220901,3,키움,120,67,51,2,0.568,11,6승0무4패,3승,32-1-27,35-1-24
20220901,4,KT,116,64,50,2,0.561,12,6승0무4패,1패,33-1-26,31-1-24
20220901,5,KIA,115,57,57,1,0.500,19,5승0무5패,1패,27-0-30,30-1-27
20220901,6,롯데,119,52,63,4,0.452,24.5,5승0무5패,3패,22-3-35,30-1-28
20220901,7,NC,112,49,60,3,0.450,24.5,4승0무6패,1승,25-3-28,24-0-32
20220901,8,두산,113,48,63,2,0.432,26.5,3승0무7패,1승,22-1-34,26-1-29
20220901,9,삼성,116,49,65,2,0.430,27,6승0무4패,4승,21-2-32,28-0-33
20220901,10,한화,115,35,78,2,0.310,40.5,4승0무6패,4패,22-0-35,13-2-43
20220902,1,SSG,118,77,38,3,0.670,0,5승0무5패,1승,43-0-16,34-3-22
20220902,2,LG,114,71,42,1,0.628,5,7승0무3패,6승,33-0-25,38-1-17
20220902,3,키움,121,68,51,2,0.571,11,7승0무3패,4승,33-1-27,35-1-24
20220902,4,KT,117,64,51,2,0.557,13,6승0무4패,2패,33-1-27,31-1-24
20220902,5,KIA,116,58,57,1,0.504,19,5승0무5패,1승,28-0-30,30-1-27
20220902,6,롯데,120,53,63,4,0.457,24.5,5승0무5패,1승,22-3-35,31-1-28
20220902,7,NC,113,49,61,3,0.445,25.5,4승0무6패,1패,25-3-28,24-0-33
20220902,8,두산,114,48,64,2,0.429,27.5,3승0무7패,1패,22-1-35,26-1-29
20220902,9,삼성,117,49,66,2,0.426,28,5승0무5패,1패,21-2-32,28-0-34
20220902,10,한화,116,35,79,2,0.307,41.5,3승0무7패,5패,22-0-35,13-2-44
20220903,1,SSG,119,77,39,3,0.664,0,4승0무6패,1패,43-0-17,34-3-22
20220903,2,LG,114,71,42,1,0.628,4.5,7승0무3패,6승,33-0-25,38-1-17
20220903,3,키움,122,69,51,2,0.575,10,8승0무2패,5승,33-1-27,36-1-24
20220903,4,KT,118,65,51,2,0.560,12,6승0무4패,1승,33-1-27,32-1-24
20220903,5,KIA,117,58,58,1,0.500,19,5승0무5패,1패,28-0-31,30-1-27
20220903,6,롯데,120,53,63,4,0.457,24,5승0무5패,1승,22-3-35,31-1-28
20220903,7,NC,114,49,62,3,0.441,25.5,3승0무7패,2패,25-3-28,24-0-34
20220903,8,삼성,118,50,66,2,0.431,27,6승0무4패,1승,21-2-32,29-0-34
20220903,9,두산,115,48,65,2,0.425,27.5,2승0무8패,2패,22-1-36,26-1-29
20220903,10,한화,117,36,79,2,0.313,40.5,4승0무6패,1승,23-0-35,13-2-44
20220904,1,SSG,119,77,39,3,0.664,0,4승0무6패,1패,43-0-17,34-3-22
20220904,2,LG,115,72,42,1,0.632,4,8승0무2패,7승,33-0-25,39-1-17
20220904,3,키움,122,69,51,2,0.575,10,8승0무2패,5승,33-1-27,36-1-24
20220904,4,KT,119,66,51,2,0.564,11.5,6승0무4패,2승,33-1-27,33-1-24
20220904,5,KIA,118,58,59,1,0.496,19.5,4승0무6패,2패,28-0-32,30-1-27
20220904,6,롯데,121,53,64,4,0.453,24.5,4승0무6패,1패,22-3-36,31-1-28
20220904,7,NC,115,49,63,3,0.438,26,3승0무7패,3패,25-3-28,24-0-35
20220904,8,삼성,118,50,66,2,0.431,27,6승0무4패,1승,21-2-32,29-0-34
20220904,9,두산,115,48,65,2,0.425,27.5,2승0무8패,2패,22-1-36,26-1-29
20220904,10,한화,118,37,79,2,0.319,40,4승0무6패,2승,24-0-35,13-2-44
20220906,1,SSG,120,78,39,3,0.667,0,4승0무6패,1승,43-0-17,35-3-22
20220906,2,LG,116,72,43,1,0.626,5,8승0무2패,1패,33-0-26,39-1-17
20220906,3,키움,123,69,52,2,0.570,11,7승0무3패,1패,33-1-27,36-1-25
20220906,4,KT,120,67,51,2,0.568,11.5,6승0무4패,3승,34-1-27,33-1-24
20220906,5,KIA,119,58,60,1,0.492,20.5,4승0무6패,3패,28-0-32,30-1-28
20220906,6,롯데,122,54,64,4,0.458,24.5,4승0무6패,1승,23-3-36,31-1-28
20220906,7,NC,116,50,63,3,0.442,26,4승0무6패,1승,26-3-28,24-0-35
20220906,8,삼성,119,51,66,2,0.436,27,7승0무3패,2승,22-2-32,29-0-34
20220906,9,두산,116,48,66,2,0.421,28.5,2승0무8패,3패,22-1-36,26-1-30
20220906,10,한화,119,37,80,2,0.316,41,4승0무6패,1패,24-0-35,13-2-45
20220907,1,SSG,121,78,39,4,0.667,0,3승1무6패,1승,43-0-17,35-4-22
20220907,2,LG,117,72,43,2,0.626,5,7승1무2패,1패,33-1-26,39-1-17
20220907,3,KT,121,68,51,2,0.571,11,6승0무4패,4승,35-1-27,33-1-24
20220907,4,키움,124,69,53,2,0.566,11.5,6승0무4패,2패,33-1-27,36-1-26
20220907,5,KIA,120,59,60,1,0.496,20,4승0무6패,1승,28-0-32,31-1-28
20220907,6,롯데,123,54,65,4,0.454,25,4승0무6패,1패,23-3-37,31-1-28
20220907,7,NC,117,51,63,3,0.447,25.5,5승0무5패,2승,27-3-28,24-0-35
20220907,8,삼성,120,52,66,2,0.441,26.5,8승0무2패,3승,23-2-32,29-0-34
20220907,9,두산,117,48,67,2,0.417,29,2승0무8패,4패,22-1-36,26-1-31
20220907,10,한화,120,37,81,2,0.314,41.5,3승0무7패,2패,24-0-35,13-2-46
20220908,1,SSG,122,78,40,4,0.661,0,3승1무6패,1패,43-0-18,35-4-22
20220908,2,LG,118,72,44,2,0.621,5,7승1무2패,2패,33-1-26,39-1-18
20220908,3,키움,125,70,53,2,0.569,10.5,6승0무4패,1승,34-1-27,36-1-26
20220908,4,KT,122,68,52,2,0.567,11,5승0무5패,1패,35-1-28,33-1-24
20220908,5,KIA,121,60,60,1,0.500,19,5승0무5패,2승,28-0-32,32-1-28
20220908,6,롯데,124,55,65,4,0.458,24,4승0무6패,1승,23-3-37,32-1-28
20220908,7,NC,118,52,63,3,0.452,24.5,6승0무4패,3승,27-3-28,25-0-35
20220908,8,삼성,121,52,67,2,0.437,26.5,7승0무3패,1패,23-2-33,29-0-34
20220908,9,두산,118,48,68,2,0.414,29,2승0무8패,5패,22-1-37,26-1-31
20220908,10,한화,121,38,81,2,0.319,40.5,3승0무7패,1승,24-0-35,14-2-46
20220909,1,SSG,123,78,41,4,0.655,0,3승1무6패,2패,43-0-19,35-4-22
20220909,2,LG,119,73,44,2,0.624,4,7승1무2패,1승,33-1-26,40-1-18
20220909,3,키움,126,70,54,2,0.565,10.5,6승0무4패,1패,34-1-28,36-1-26
20220909,4,KT,123,68,53,2,0.562,11,5승0무5패,2패,35-1-29,33-1-24
20220909,5,KIA,122,61,60,1,0.504,18,6승0무4패,3승,28-0-32,33-1-28
20220909,6,NC,119,53,63,3,0.457,23.5,6승0무4패,4승,27-3-28,26-0-35
20220909,7,롯데,125,55,66,4,0.455,24,4승0무6패,1패,23-3-37,32-1-29
20220909,8,삼성,122,53,67,2,0.442,25.5,8승0무2패,1승,24-2-33,29-0-34
20220909,9,두산,119,49,68,2,0.419,28,3승0무7패,1승,23-1-37,26-1-31
20220909,10,한화,122,38,82,2,0.317,40.5,3승0무7패,1패,24-0-35,14-2-47
20220910,1,SSG,124,78,42,4,0.650,0,2승1무7패,3패,43-0-19,35-4-23
20220910,2,LG,120,74,44,2,0.627,3,7승1무2패,2승,33-1-26,41-1-18
20220910,3,KT,124,69,53,2,0.566,10,6승0무4패,1승,35-1-29,34-1-24
20220910,4,키움,127,70,55,2,0.560,10.5,6승0무4패,2패,34-1-29,36-1-26
20220910,5,KIA,123,62,60,1,0.508,17,6승0무4패,4승,28-0-32,34-1-28
20220910,6,NC,120,54,63,3,0.462,22.5,6승0무4패,5승,27-3-28,27-0-35
20220910,7,롯데,126,55,67,4,0.451,24,3승0무7패,2패,23-3-38,32-1-29
20220910,8,삼성,123,53,68,2,0.438,25.5,7승0무3패,1패,24-2-34,29-0-34
20220910,9,두산,120,49,69,2,0.415,28,2승0무8패,1패,23-1-38,26-1-31
20220910,10,한화,123,39,82,2,0.322,39.5,4승0무6패,1승,25-0-35,14-2-47
20220911,1,SSG,125,79,42,4,0.653,0,3승1무6패,1승,43-0-19,36-4-23
20220911,2,LG,121,74,45,2,0.622,4,6승1무3패,1패,33-1-26,41-1-19
20220911,3,키움,128,71,55,2,0.563,10.5,6승0무4패,1승,35-1-29,36-1-26
20220911,4,KT,125,69,54,2,0.561,11,5승0무5패,1패,35-1-29,34-1-25
20220911,5,KIA,124,62,61,1,0.504,18,5승0무5패,1패,28-0-32,34-1-29
20220911,6,NC,121,55,63,3,0.466,22.5,7승0무3패,6승,27-3-28,28-0-35
20220911,7,롯데,127,55,68,4,0.447,25,3승0무7패,3패,23-3-39,32-1-29
20220911,8,삼성,124,54,68,2,0.443,25.5,7승0무3패,1승,25-2-34,29-0-34
20220911,9,두산,121,50,69,2,0.420,28,3승0무7패,1승,24-1-38,26-1-31
20220911,10,한화,124,39,83,2,0.320,40.5,4승0무6패,1패,25-0-36,14-2-47
20220913,1,SSG,126,79,43,4,0.648,0,3승1무6패,1패,43-0-19,36-4-24
20220913,2,LG,122,75,45,2,0.625,3,6승1무3패,1승,33-1-26,42-1-19
20220913,3,키움,129,72,55,2,0.567,9.5,6승0무4패,2승,35-1-29,37-1-26
20220913,4,KT,126,70,54,2,0.565,10,6승0무4패,1승,35-1-29,35-1-25
20220913,5,KIA,125,62,62,1,0.500,18,5승0무5패,2패,28-0-33,34-1-29
20220913,6,NC,122,55,64,3,0.462,22.5,6승0무4패,1패,27-3-29,28-0-35
20220913,7,롯데,128,56,68,4,0.452,24,4승0무6패,1승,24-3-39,32-1-29
20220913,8,삼성,125,55,68,2,0.447,24.5,7승0무3패,2승,25-2-34,30-0-34
20220913,9,두산,122,50,70,2,0.417,28,3승0무7패,1패,24-1-39,26-1-31
20220913,10,한화,125,39,84,2,0.317,40.5,4승0무6패,2패,25-0-37,14-2-47
20220914,1,SSG,127,80,43,4,0.650,0,4승1무5패,1승,43-0-19,37-4-24
20220914,2,LG,123,75,46,2,0.620,4,5승1무4패,1패,33-1-26,42-1-20
20220914,3,키움,130,73,55,2,0.570,9.5,6승0무4패,3승,35-1-29,38-1-26
20220914,4,KT,127,70,55,2,0.560,11,6승0무4패,1패,35-1-29,35-1-26
20220914,5,KIA,126,62,63,1,0.496,19,4승0무6패,3패,28-0-34,34-1-29
20220914,6,NC,123,56,64,3,0.467,22.5,7승0무3패,1승,28-3-29,28-0-35
20220914,7,롯데,129,56,69,4,0.448,25,4승0무6패,1패,24-3-40,32-1-29
20220914,8,삼성,126,55,69,2,0.444,25.5,6승0무4패,1패,25-2-34,30-0-35
20220914,9,두산,123,51,70,2,0.421,28,3승0무7패,1승,25-1-39,26-1-31
20220914,10,한화,126,40,84,2,0.323,40.5,5승0무5패,1승,26-0-37,14-2-47
20220915,1,SSG,128,80,44,4,0.645,0,3승1무6패,1패,43-0-19,37-4-25
20220915,2,LG,124,76,46,2,0.623,3,5승1무4패,1승,34-1-26,42-1-20
20220915,3,키움,131,73,56,2,0.566,9.5,5승0무5패,1패,35-1-29,38-1-27
20220915,4,KT,128,70,56,2,0.556,11,5승0무5패,2패,35-1-29,35-1-27
20220915,5,KIA,127,62,64,1,0.492,19,4승0무6패,4패,28-0-35,34-1-29
20220915,6,NC,124,57,64,3,0.471,21.5,8승0무2패,2승,29-3-29,28-0-35
20220915,7,롯데,130,57,69,4,0.452,24,4승0무6패,1승,25-3-40,32-1-29
20220915,8,삼성,127,56,69,2,0.448,24.5,7승0무3패,1승,26-2-34,30-0-35
20220915,9,두산,124,51,71,2,0.418,28,3승0무7패,1패,25-1-39,26-1-32
20220915,10,한화,127,41,84,2,0.328,39.5,5승0무5패,2승,26-0-37,15-2-47
20220916,1,SSG,129,81,44,4,0.648,0,4승1무5패,1승,43-0-19,38-4-25
20220916,2,LG,124,76,46,2,0.623,3.5,5승1무4패,1승,34-1-26,42-1-20
20220916,3,키움,132,74,56,2,0.569,9.5,5승0무5패,1승,35-1-29,39-1-27
20220916,4,KT,128,70,56,2,0.556,11.5,5승0무5패,2패,35-1-29,35-1-27
20220916,5,KIA,128,62,65,1,0.488,20,4승0무6패,5패,28-0-36,34-1-29
20220916,6,NC,125,57,65,3,0.467,22.5,8승0무2패,1패,29-3-30,28-0-35
20220916,7,롯데,131,57,70,4,0.449,25,4승0무6패,1패,25-3-41,32-1-29
20220916,8,삼성,128,56,70,2,0.444,25.5,6승0무4패,1패,26-2-35,30-0-35
20220916,9,두산,125,52,71,2,0.423,28,4승0무6패,1승,25-1-39,27-1-32
20220916,10,한화,128,42,84,2,0.333,39.5,5승0무5패,3승,26-0-37,16-2-47
20220917,1,SSG,130,81,45,4,0.643,0,3승1무6패,1패,43-0-20,38-4-25
20220917,2,LG,125,77,46,2,0.626,2.5,5승1무4패,2승,35-1-26,42-1-20
20220917,3,키움,133,75,56,2,0.573,8.5,6승0무4패,2승,36-1-29,39-1-27
20220917,4,KT,129,70,57,2,0.551,11.5,4승0무6패,3패,35-1-30,35-1-27
20220917,5,KIA,129,62,66,1,0.484,20,4승0무6패,6패,28-0-36,34-1-30
20220917,6,NC,126,57,66,3,0.463,22.5,7승0무3패,2패,29-3-30,28-0-36
20220917,7,롯데,132,58,70,4,0.453,24,4승0무6패,1승,25-3-41,33-1-29
20220917,8,삼성,129,57,70,2,0.449,24.5,6승0무4패,1승,27-2-35,30-0-35
20220917,9,두산,126,53,71,2,0.427,27,5승0무5패,2승,25-1-39,28-1-32
20220917,10,한화,129,42,85,2,0.331,39.5,5승0무5패,1패,26-0-37,16-2-48
20220918,1,SSG,131,82,45,4,0.646,0,4승0무6패,1승,44-0-20,38-4-25
20220918,2,LG,126,77,47,2,0.621,3.5,5승1무4패,1패,35-1-27,42-1-20
20220918,3,키움,134,75,57,2,0.568,9.5,6승0무4패,1패,36-1-30,39-1-27
20220918,4,KT,130,71,57,2,0.555,11.5,4승0무6패,1승,36-1-30,35-1-27
20220918,5,KIA,130,62,67,1,0.481,21,3승0무7패,7패,28-0-36,34-1-31
20220918,6,NC,127,58,66,3,0.468,22.5,7승0무3패,1승,29-3-30,29-0-36
20220918,7,삼성,130,58,70,2,0.453,24.5,6승0무4패,2승,28-2-35,30-0-35
20220918,8,롯데,133,58,71,4,0.450,25,4승0무6패,1패,25-3-41,33-1-30
20220918,9,두산,127,53,72,2,0.424,28,5승0무5패,1패,25-1-39,28-1-33
20220918,10,한화,130,43,85,2,0.336,39.5,6승0무4패,1승,26-0-37,17-2-48
20220920,1,SSG,132,83,45,4,0.648,0,5승0무5패,2승,45-0-20,38-4-25
20220920,2,LG,127,78,47,2,0.624,3.5,6승0무4패,1승,35-1-27,43-1-20
20220920,3,키움,135,75,58,2,0.564,10.5,5승0무5패,2패,36-1-31,39-1-27
20220920,4,KT,131,71,58,2,0.550,12.5,3승0무7패,1패,36-1-30,35-1-28
20220920,5,KIA,131,62,68,1,0.477,22,2승0무8패,8패,28-0-37,34-1-31
20220920,6,NC,128,58,67,3,0.464,23.5,6승0무4패,1패,29-3-30,29-0-37
20220920,7,삼성,131,59,70,2,0.457,24.5,7승0무3패,3승,28-2-35,31-0-35
20220920,8,롯데,134,59,71,4,0.454,25,4승0무6패,1승,25-3-41,34-1-30
20220920,9,두산,128,54,72,2,0.429,28,6승0무4패,1승,26-1-39,28-1-33
20220920,10,한화,131,43,86,2,0.333,40.5,5승0무5패,1패,26-0-38,17-2-48
20220921,1,SSG,133,83,46,4,0.643,0,5승0무5패,1패,45-0-21,38-4-25
20220921,2,LG,128,79,47,2,0.627,2.5,7승0무3패,2승,35-1-27,44-1-20
20220921,3,키움,136,76,58,2,0.567,9.5,6승0무4패,1승,37-1-31,39-1-27
20220921,4,KT,132,72,58,2,0.554,11.5,4승0무6패,1승,36-1-30,36-1-28
20220921,5,KIA,132,62,69,1,0.473,22,1승0무9패,9패,28-0-38,34-1-31
20220921,6,NC,129,59,67,3,0.468,22.5,6승0무4패,1승,29-3-30,30-0-37
20220921,7,롯데,135,60,71,4,0.458,24,5승0무5패,2승,25-3-41,35-1-30
20220921,8,삼성,132,59,71,2,0.454,24.5,6승0무4패,1패,28-2-35,31-0-36
20220921,9,두산,129,54,73,2,0.425,28,5승0무5패,1패,26-1-40,28-1-33
20220921,10,한화,132,43,87,2,0.331,40.5,5승0무5패,2패,26-0-39,17-2-48
20220922,1,SSG,134,84,46,4,0.646,0,6승0무4패,1승,46-0-21,38-4-25
20220922,2,LG,129,79,48,2,0.622,3.5,6승0무4패,1패,35-1-28,44-1-20
20220922,3,키움,137,76,59,2,0.563,10.5,6승0무4패,1패,37-1-32,39-1-27
20220922,4,KT,133,73,58,2,0.557,11.5,5승0무5패,2승,36-1-30,37-1-28
20220922,5,KIA,133,63,69,1,0.477,22,1승0무9패,1승,28-0-38,35-1-31
20220922,6,NC,130,59,68,3,0.465,23.5,5승0무5패,1패,29-3-31,30-0-37
20220922,7,롯데,136,61,71,4,0.462,24,6승0무4패,3승,25-3-41,36-1-30
20220922,8,삼성,133,59,72,2,0.450,25.5,6승0무4패,2패,28-2-36,31-0-36
20220922,9,두산,130,55,73,2,0.430,28,6승0무4패,1승,26-1-40,29-1-33
20220922,10,한화,133,43,88,2,0.328,41.5,4승0무6패,3패,26-0-39,17-2-49
20220923,1,SSG,135,85,46,4,0.649,0,6승0무4패,2승,47-0-21,38-4-25
20220923,2,LG,130,80,48,2,0.625,3.5,6승0무4패,1승,36-1-28,44-1-20
20220923,3,키움,138,77,59,2,0.566,10.5,6승0무4패,1승,38-1-32,39-1-27
20220923,4,KT,134,73,59,2,0.553,12.5,4승0무6패,1패,36-1-30,37-1-29
20220923,5,KIA,134,63,70,1,0.474,23,1승0무9패,1패,28-0-38,35-1-32
20220923,6,NC,131,60,68,3,0.469,23.5,5승0무5패,1승,30-3-31,30-0-37
20220923,7,롯데,137,61,72,4,0.459,25,6승0무4패,1패,25-3-41,36-1-31
20220923,8,삼성,134,60,72,2,0.455,25.5,6승0무4패,1승,29-2-36,31-0-36
20220923,9,두산,131,55,74,2,0.426,29,5승0무5패,1패,26-1-40,29-1-34
20220923,10,한화,134,43,89,2,0.326,42.5,4승0무6패,4패,26-0-39,17-2-50
20220924,1,SSG,136,86,46,4,0.652,0,7승0무3패,3승,48-0-21,38-4-25
20220924,2,LG,131,80,49,2,0.620,4.5,6승0무4패,1패,36-1-29,44-1-20
20220924,3,키움,139,78,59,2,0.569,10.5,6승0무4패,2승,39-1-32,39-1-27
20220924,4,KT,134,73,59,2,0.553,13,4승0무6패,1패,36-1-30,37-1-29
20220924,5,KIA,135,64,70,1,0.478,23,2승0무8패,1승,28-0-38,36-1-32
20220924,6,NC,132,60,69,3,0.465,24.5,5승0무5패,1패,30-3-32,30-0-37
20220924,7,롯데,138,61,73,4,0.455,26,5승0무5패,2패,25-3-41,36-1-32
20220924,8,삼성,134,60,72,2,0.455,26,6승0무4패,1승,29-2-36,31-0-36
20220924,9,두산,132,55,75,2,0.423,30,5승0무5패,2패,26-1-40,29-1-35
20220924,10,한화,135,44,89,2,0.331,42.5,5승0무5패,1승,26-0-39,18-2-50
20220925,1,SSG,137,86,47,4,0.647,0,6승0무4패,1패,48-0-22,38-4-25
20220925,2,LG,132,81,49,2,0.623,3.5,6승0무4패,1승,36-1-29,45-1-20
20220925,3,키움,139,78,59,2,0.569,10,6승0무4패,2승,39-1-32,39-1-27
20220925,4,KT,135,74,59,2,0.556,12,5승0무5패,1승,36-1-30,38-1-29
20220925,5,KIA,136,65,70,1,0.481,22,3승0무7패,2승,28-0-38,37-1-32
20220925,6,NC,133,60,70,3,0.462,24.5,4승0무6패,2패,30-3-33,30-0-37
20220925,7,롯데,138,61,73,4,0.455,25.5,5승0무5패,2패,25-3-41,36-1-32
20220925,8,삼성,135,60,73,2,0.451,26,5승0무5패,1패,29-2-37,31-0-36
20220925,9,두산,133,56,75,2,0.427,29,5승0무5패,1승,27-1-40,29-1-35
20220925,10,한화,136,44,90,2,0.328,42.5,4승0무6패,1패,26-0-39,18-2-51
20220927,1,SSG,137,86,47,4,0.647,0,6승0무4패,1패,48-0-22,38-4-25
20220927,2,LG,133,82,49,2,0.626,3,7승0무3패,2승,36-1-29,46-1-20
20220927,3,키움,140,78,60,2,0.565,10.5,5승0무5패,1패,39-1-32,39-1-28
20220927,4,KT,136,75,59,2,0.560,11.5,5승0무5패,2승,37-1-30,38-1-29
20220927,5,KIA,136,65,70,1,0.481,22,3승0무7패,2승,28-0-38,37-1-32
20220927,6,NC,134,61,70,3,0.466,24,4승0무6패,1승,31-3-33,30-0-37
20220927,7,롯데,138,61,73,4,0.455,25.5,5승0무5패,2패,25-3-41,36-1-32
20220927,8,삼성,135,60,73,2,0.451,26,5승0무5패,1패,29-2-37,31-0-36
20220927,9,두산,134,56,76,2,0.424,29.5,5승0무5패,1패,27-1-40,29-1-36
20220927,10,한화,137,44,91,2,0.326,43,3승0무7패,2패,26-0-40,18-2-51
20220928,1,SSG,137,86,47,4,0.647,0,6승0무4패,1패,48-0-22,38-4-25
20220928,2,LG,134,83,49,2,0.629,2.5,7승0무3패,3승,36-1-29,47-1-20
20220928,3,키움,140,78,60,2,0.565,10.5,5승0무5패,1패,39-1-32,39-1-28
20220928,4,KT,137,76,59,2,0.563,11,6승0무4패,3승,38-1-30,38-1-29
20220928,5,KIA,136,65,70,1,0.481,22,3승0무7패,2승,28-0-38,37-1-32
20220928,6,NC,135,62,70,3,0.470,23.5,5승0무5패,2승,32-3-33,30-0-37
20220928,7,롯데,138,61,73,4,0.455,25.5,5승0무5패,2패,25-3-41,36-1-32
20220928,8,삼성,136,60,74,2,0.448,26.5,5승0무5패,2패,29-2-37,31-0-37
20220928,9,두산,135,56,77,2,0.421,30,4승0무6패,2패,27-1-40,29-1-37
20220928,10,한화,138,44,92,2,0.324,43.5,2승0무8패,3패,26-0-41,18-2-51
20220929,1,SSG,138,86,48,4,0.642,0,6승0무4패,2패,48-0-23,38-4-25
20220929,2,LG,135,83,50,2,0.624,2.5,6승0무4패,1패,36-1-30,47-1-20
20220929,3,키움,141,79,60,2,0.568,9.5,6승0무4패,1승,39-1-32,40-1-28
20220929,4,KT,138,77,59,2,0.566,10,7승0무3패,4승,38-1-30,39-1-29
20220929,5,KIA,137,66,70,1,0.485,21,4승0무6패,3승,29-0-38,37-1-32
20220929,6,NC,136,62,71,3,0.466,23.5,5승0무5패,1패,32-3-33,30-0-38
20220929,7,삼성,137,61,74,2,0.452,25.5,5승0무5패,1승,30-2-37,31-0-37
20220929,7,롯데,139,61,74,4,0.452,25.5,5승0무5패,3패,25-3-41,36-1-33
20220929,9,두산,136,57,77,2,0.425,29,4승0무6패,1승,27-1-40,30-1-37
20220929,10,한화,139,44,93,2,0.321,43.5,2승0무8패,4패,26-0-42,18-2-51
20220930,1,SSG,139,87,48,4,0.644,0,6승0무4패,1승,49-0-23,38-4-25
20220930,2,LG,136,84,50,2,0.627,2.5,7승0무3패,1승,37-1-30,47-1-20
20220930,3,KT,138,77,59,2,0.566,10.5,7승0무3패,4승,38-1-30,39-1-29
20220930,4,키움,142,79,61,2,0.564,10.5,5승0무5패,1패,39-1-32,40-1-29
20220930,5,KIA,137,66,70,1,0.485,21.5,4승0무6패,3승,29-0-38,37-1-32
20220930,6,NC,137,62,72,3,0.463,24.5,4승0무6패,2패,32-3-33,30-0-39
20220930,7,삼성,138,62,74,2,0.456,25.5,6승0무4패,2승,31-2-37,31-0-37
20220930,7,롯데,140,62,74,4,0.456,25.5,5승0무5패,1승,25-3-41,37-1-33
20220930,9,두산,137,57,78,2,0.422,30,4승0무6패,1패,27-1-40,30-1-38
20220930,10,한화,140,44,94,2,0.319,44.5,1승0무9패,5패,26-0-43,18-2-51
20221001,1,SSG,140,88,48,4,0.647,0,7승0무3패,2승,49-0-23,39-4-25
20221001,2,LG,137,84,51,2,0.622,3.5,6승0무4패,1패,37-1-31,47-1-20
20221001,3,KT,138,77,59,2,0.566,11,7승0무3패,4승,38-1-30,39-1-29
20221001,4,키움,142,79,61,2,0.564,11,5승0무5패,1패,39-1-32,40-1-29
20221001,5,KIA,138,66,71,1,0.482,22.5,4승0무6패,1패,29-0-39,37-1-32
20221001,6,NC,138,63,72,3,0.467,24.5,5승0무5패,1승,32-3-33,31-0-39
20221001,7,삼성,139,63,74,2,0.460,25.5,6승0무4패,3승,32-2-37,31-0-37
20221001,8,롯데,140,62,74,4,0.456,26,5승0무5패,1승,25-3-41,37-1-33
20221001,9,두산,138,57,79,2,0.419,31,3승0무7패,2패,27-1-40,30-1-39
20221001,10,한화,140,44,94,2,0.319,45,1승0무9패,5패,26-0-43,18-2-51
20221002,1,SSG,140,88,48,4,0.647,0,7승0무3패,2승,49-0-23,39-4-25
20221002,2,LG,138,84,52,2,0.618,4,5승0무5패,2패,37-1-32,47-1-20
20221002,3,KT,138,77,59,2,0.566,11,7승0무3패,4승,38-1-30,39-1-29
20221002,4,키움,142,79,61,2,0.564,11,5승0무5패,1패,39-1-32,40-1-29
20221002,5,KIA,139,67,71,1,0.486,22,5승0무5패,1승,29-0-39,38-1-32
20221002,6,NC,139,64,72,3,0.471,24,5승0무5패,2승,32-3-33,32-0-39
20221002,7,삼성,139,63,74,2,0.460,25.5,6승0무4패,3승,32-2-37,31-0-37
20221002,7,롯데,141,63,74,4,0.460,25.5,6승0무4패,2승,26-3-41,37-1-33
20221002,9,두산,139,57,80,2,0.416,31.5,3승0무7패,3패,27-1-40,30-1-40
20221002,10,한화,141,44,95,2,0.317,45.5,1승0무9패,6패,26-0-44,18-2-51
20221003,1,SSG,141,88,49,4,0.642,0,6승0무4패,1패,49-0-23,39-4-26
20221003,2,LG,138,84,52,2,0.618,3.5,5승0무5패,2패,37-1-32,47-1-20
20221003,3,KT,138,77,59,2,0.566,10.5,7승0무3패,4승,38-1-30,39-1-29
20221003,4,키움,142,79,61,2,0.564,10.5,5승0무5패,1패,39-1-32,40-1-29
20221003,5,KIA,139,67,71,1,0.486,21.5,5승0무5패,1승,29-0-39,38-1-32
20221003,6,NC,139,64,72,3,0.471,23.5,5승0무5패,2승,32-3-33,32-0-39
20221003,7,삼성,139,63,74,2,0.460,25,6승0무4패,3승,32-2-37,31-0-37
20221003,8,롯데,142,63,75,4,0.457,25.5,5승0무5패,1패,26-3-42,37-1-33
20221003,9,두산,140,58,80,2,0.420,30.5,3승0무7패,1승,27-1-40,31-1-40
20221003,10,한화,142,45,95,2,0.321,44.5,2승0무8패,1승,27-0-44,18-2-51
20221004,1,SSG,141,88,49,4,0.642,0,6승0무4패,1패,49-0-23,39-4-26
20221004,2,LG,139,84,53,2,0.613,4,5승0무5패,3패,37-1-33,47-1-20
20221004,3,KT,139,78,59,2,0.569,10,8승0무2패,5승,39-1-30,39-1-29
20221004,4,키움,142,79,61,2,0.564,10.5,5승0무5패,1패,39-1-32,40-1-29
20221004,5,KIA,140,68,71,1,0.489,21,6승0무4패,2승,29-0-39,39-1-32
20221004,6,NC,139,64,72,3,0.471,23.5,5승0무5패,2승,32-3-33,32-0-39
20221004,7,삼성,140,63,75,2,0.457,25.5,5승0무5패,1패,32-2-37,31-0-38
20221004,7,롯데,142,63,75,4,0.457,25.5,5승0무5패,1패,26-3-42,37-1-33
20221004,9,두산,140,58,80,2,0.420,30.5,3승0무7패,1승,27-1-40,31-1-40
20221004,10,한화,142,45,95,2,0.321,44.5,2승0무8패,1승,27-0-44,18-2-51
20221005,1,SSG,142,88,50,4,0.638,0,5승0무5패,2패,49-0-23,39-4-27
20221005,2,LG,140,85,53,2,0.616,3,5승0무5패,1승,37-1-33,48-1-20
20221005,3,KT,140,78,60,2,0.565,10,7승0무3패,1패,39-1-31,39-1-29
20221005,4,키움,142,79,61,2,0.564,10,5승0무5패,1패,39-1-32,40-1-29
20221005,5,KIA,141,68,72,1,0.486,21,6승0무4패,1패,29-0-40,39-1-32
20221005,6,NC,140,65,72,3,0.474,22.5,6승0무4패,3승,33-3-33,32-0-39
20221005,7,삼성,141,64,75,2,0.460,24.5,5승0무5패,1승,32-2-37,32-0-38
20221005,8,롯데,143,63,76,4,0.453,25.5,5승0무5패,2패,26-3-42,37-1-34
20221005,9,두산,141,59,80,2,0.424,29.5,4승0무6패,2승,28-1-40,31-1-40
20221005,10,한화,142,45,95,2,0.321,44,2승0무8패,1승,27-0-44,18-2-51
20221006,1,SSG,143,88,51,4,0.633,0,5승0무5패,3패,49-0-23,39-4-28
20221006,2,LG,141,85,54,2,0.612,3,5승0무5패,1패,37-1-33,48-1-21
20221006,3,KT,140,78,60,2,0.565,9.5,7승0무3패,1패,39-1-31,39-1-29
20221006,4,키움,143,79,62,2,0.560,10,4승0무6패,2패,39-1-32,40-1-30
20221006,5,KIA,142,69,72,1,0.489,20,7승0무3패,1승,30-0-40,39-1-32
20221006,6,NC,141,66,72,3,0.478,21.5,6승0무4패,4승,34-3-33,32-0-39
20221006,7,삼성,142,64,76,2,0.457,24.5,5승0무5패,1패,32-2-37,32-0-39
20221006,8,롯데,143,63,76,4,0.453,25,5승0무5패,2패,26-3-42,37-1-34
20221006,9,두산,142,60,80,2,0.429,28.5,5승0무5패,3승,29-1-40,31-1-40
20221006,10,한화,143,46,95,2,0.326,43,3승0무7패,2승,28-0-44,18-2-51
20221007,1,SSG,143,88,51,4,0.633,0,5승0무5패,3패,49-0-23,39-4-28
20221007,2,LG,142,86,54,2,0.614,2.5,5승0무5패,1승,37-1-33,49-1-21
20221007,3,KT,141,78,61,2,0.561,10,7승0무3패,2패,39-1-31,39-1-30
20221007,4,키움,143,79,62,2,0.560,10,4승0무6패,2패,39-1-32,40-1-30
20221007,5,KIA,143,70,72,1,0.493,19.5,7승0무3패,2승,31-0-40,39-1-32
20221007,6,NC,142,66,73,3,0.475,22,6승0무4패,1패,34-3-34,32-0-39
20221007,7,삼성,143,65,76,2,0.461,24,6승0무4패,1승,32-2-37,33-0-39
20221007,8,롯데,143,63,76,4,0.453,25,5승0무5패,2패,26-3-42,37-1-34
20221007,9,두산,143,60,81,2,0.426,29,4승0무6패,1패,29-1-41,31-1-40
20221007,10,한화,143,46,95,2,0.326,43,3승0무7패,2승,28-0-44,18-2-51
20221008,1,SSG,144,88,52,4,0.629,0,4승0무6패,4패,49-0-23,39-4-29
20221008,2,LG,143,86,55,2,0.610,2.5,4승0무6패,1패,37-1-33,49-1-22
20221008,3,KT,142,79,61,2,0.564,9,7승0무3패,1승,39-1-31,40-1-30
20221008,4,키움,144,80,62,2,0.563,9,5승0무5패,1승,39-1-32,41-1-30
20221008,5,KIA,144,70,73,1,0.490,19.5,7승0무3패,1패,31-0-41,39-1-32
20221008,6,NC,143,67,73,3,0.479,21,7승0무3패,1승,35-3-34,32-0-39
20221008,7,삼성,144,66,76,2,0.465,23,6승0무4패,2승,33-2-37,33-0-39
20221008,8,롯데,144,64,76,4,0.457,24,5승0무5패,1승,27-3-42,37-1-34
20221008,9,두산,144,60,82,2,0.423,29,4승0무6패,2패,29-1-42,31-1-40
20221008,10,한화,144,46,96,2,0.324,43,3승0무7패,1패,28-0-44,18-2-52
20221010,1,SSG,144,88,52,4,0.629,0,4승0무6패,4패,49-0-23,39-4-29
20221010,2,LG,143,86,55,2,0.610,2.5,4승0무6패,1패,37-1-33,49-1-22
20221010,3,KT,143,80,61,2,0.567,8.5,7승0무3패,2승,40-1-31,40-1-30
20221010,4,키움,144,80,62,2,0.563,9,5승0무5패,1승,39-1-32,41-1-30
20221010,5,KIA,144,70,73,1,0.490,19.5,7승0무3패,1패,31-0-41,39-1-32
20221010,6,NC,144,67,74,3,0.475,21.5,6승0무4패,1패,35-3-34,32-0-40
20221010,7,삼성,144,66,76,2,0.465,23,6승0무4패,2승,33-2-37,33-0-39
20221010,8,롯데,144,64,76,4,0.457,24,5승0무5패,1승,27-3-42,37-1-34
20221010,9,두산,144,60,82,2,0.423,29,4승0무6패,2패,29-1-42,31-1-40
20221010,10,한화,144,46,96,2,0.324,43,3승0무7패,1패,28-0-44,18-2-52
20221011,1,SSG,144,88,52,4,0.629,0,4승0무6패,4패,49-0-23,39-4-29
20221011,2,키움,144,80,62,2,0.563,9,5승0무5패,1승,39-1-32,41-1-30
20221011,3,LG,144,87,55,2,0.613,2,4승0무6패,1승,38-1-33,49-1-22
20221011,4,KT,144,80,62,2,0.563,9,7승0무3패,1패,40-1-31,40-1-31
20221011,5,KIA,144,70,73,1,0.490,19.5,7승0무3패,1패,31-0-41,39-1-32
20221011,6,NC,144,67,74,3,0.475,21.5,6승0무4패,1패,35-3-34,32-0-40
20221011,7,삼성,144,66,76,2,0.465,23,6승0무4패,2승,33-2-37,33-0-39
20221011,8,롯데,144,64,76,4,0.457,24,5승0무5패,1승,27-3-42,37-1-34
20221011,9,두산,144,60,82,2,0.423,29,4승0무6패,2패,29-1-42,31-1-40
20221011,10,한화,144,46,96,2,0.324,43,3승0무7패,1패,28-0-44,18-2-52
